Date,Baseline
2021-02-01,1011831.4645657467
2021-02-02,1043310.4010868719
2021-02-03,1045585.9458525978
2021-02-04,1048876.8101263095
2021-02-05,1064424.2325447414
2021-02-17,1114406.2300883147
2021-02-18,1126389.9658580406
2021-02-19,1111407.6827239671
2021-02-22,1132114.0921441144
2021-02-23,1132137.8495556777
2021-02-24,1114083.5308760218
2021-02-25,1143521.0011714154
2021-02-26,1127165.5263417028
2021-03-02,1117367.0502893415
2021-03-03,1137142.1314470281
2021-03-04,1114280.8858017626
2021-03-05,1100615.473980883
2021-03-08,1104570.12728014
2021-03-09,1121469.6780911486
2021-03-10,1113603.264237991
2021-03-11,1131057.3925873647
2021-03-12,1138535.1625368788
2021-03-15,1143853.5542443627
2021-03-16,1147346.5855420118
2021-03-17,1151081.0760006143
2021-03-18,1162591.064327181
2021-03-19,1160109.7663429957
2021-03-22,1211502.7531518731
2021-03-23,1188964.1703972644
2021-03-24,1184008.3378354774
2021-03-25,1191276.057464276
2021-03-26,1229051.304168072
2021-03-29,1242972.258657941
2021-03-30,1245800.5388293942
2021-03-31,1255323.2723870855
2021-04-01,1266768.5838737204
2021-04-07,1305329.8258710066
2021-04-08,1325973.9483239595
2021-04-09,1301501.5441312469
2021-04-12,1325230.6475389432
2021-04-13,1334527.45846997
2021-04-14,1336860.6040884613
2021-04-15,1348127.4395917763
2021-04-16,1389124.899527512
2021-04-19,1415742.0837439115
2021-04-20,1424282.240872811
2021-04-21,1453087.09190114
2021-04-22,1436768.2462547692
2021-04-23,1449965.4381414298
2021-04-26,1498148.1385300756
2021-04-27,1509503.1801365418
2021-04-28,1522293.600260894
2021-04-29,1533793.5564881086
2021-05-03,1513985.9607222173
2021-05-04,1452255.6760405395
2021-05-05,1445257.7895773337
2021-05-06,1465024.6010351873
2021-05-07,1485531.1656828576
2021-05-10,1517059.2837707584
2021-05-11,1468589.7706623168
2021-05-12,1376310.48136324
2021-05-13,1331374.3737784154
2021-05-14,1318296.9730135635
2021-05-17,1252686.753248281
2021-05-18,1342730.0604120665
2021-05-19,1373962.0679685923
2021-05-20,1368717.211037627
2021-05-21,1418619.441844211
2021-05-24,1447301.4598979054
2021-05-25,1446587.2805016763
2021-05-26,1468263.0798264446
2021-05-27,1501699.3519189456
2021-05-28,1548553.5963767155
2021-05-31,1551368.2205677791
2021-06-01,1594965.052303318
2021-06-02,1578890.655050543
2021-06-03,1599191.6225301612
2021-06-04,1587515.0631999704
2021-06-07,1550494.3724911076
2021-06-08,1606395.815886807
2021-06-09,1606688.9151403122
2021-06-10,1632922.5924166206
2021-06-11,1663986.1559903312
2021-06-15,1684193.9435061363
2021-06-16,1667361.4649443352
2021-06-17,1688100.963623224
2021-06-18,1714003.025972628
2021-06-21,1745642.1243328357
2021-06-22,1717959.1016567925
2021-06-23,1703254.053526611
2021-06-24,1736979.3475049762
2021-06-25,1760185.1535931628
2021-06-28,1784387.0089295723
2021-06-29,1765418.6532496386
2021-06-30,1816424.7441130432
2021-07-01,1830962.093308035
2021-07-02,1809654.9651354807
2021-07-05,1818511.7750102824
2021-07-06,1824533.4824929365
2021-07-07,1806070.7644959404
2021-07-08,1823623.7763724702
2021-07-09,1783180.6078196964
2021-07-12,1780557.374363179
2021-07-13,1710448.4634434967
2021-07-14,1693958.317418279
2021-07-15,1770642.0931035397
2021-07-16,1802218.0471387187
2021-07-19,1807281.068767898
2021-07-20,1784166.2405226117
2021-07-21,1740275.733597865
2021-07-22,1718016.918885708
2021-07-23,1734946.0267269954
2021-07-26,1698728.1071919343
2021-07-27,1649615.6061984645
2021-07-28,1654661.6083475905
2021-07-29,1711589.9789777491
2021-07-30,1669095.9246885472
2021-08-02,1702911.8660249996
2021-08-03,1704294.2307310957
2021-08-04,1710815.481860553
2021-08-05,1687788.2479422237
2021-08-06,1700337.4052307447
2021-08-09,1719492.8163972206
2021-08-10,1696785.818459377
2021-08-11,1677498.5980095302
2021-08-12,1696898.0816522546
2021-08-13,1677540.138378903
2021-08-16,1648746.0918474854
2021-08-17,1648746.0918474854
2021-08-18,1679405.7336225458
2021-08-19,1636375.207087975
2021-08-20,1645499.510327202
2021-08-23,1703127.6124296119
2021-08-24,1701205.8026130672
2021-08-25,1728832.2408220402
2021-08-26,1722042.6900443411
2021-08-27,1736454.1955052975
2021-08-30,1745416.8035960374
2021-08-31,1750051.8544374746
2021-09-01,1723212.0023033693
2021-09-02,1705856.4994967617
2021-09-03,1701156.4784915803
2021-09-06,1666293.9312193391
2021-09-07,1699723.604746999
2021-09-08,1688588.0381584503
2021-09-09,1678662.5201615542
2021-09-10,1706561.247874863
2021-09-13,1720189.6657168707
2021-09-14,1703971.0741989014
2021-09-15,1709585.5774939868
2021-09-16,1705563.044015399
2021-09-17,1703309.7811803392
2021-09-22,1672114.8765055593
2021-09-23,1695261.1520780777
2021-09-24,1717040.495510891
2021-09-27,1728962.9620561264
2021-09-28,1719321.3321284107
2021-09-29,1710838.9052065497
2021-09-30,1738742.3073529198
2021-10-01,1672931.2277832173
2021-10-04,1627273.2350283212
2021-10-05,1637108.905471086
2021-10-06,1625059.504551888
2021-10-07,1651974.1417442788
2021-10-08,1643771.5483954058
2021-10-12,1597123.0970725513
2021-10-13,1600815.4683858354
2021-10-14,1609332.7043396586
2021-10-15,1617206.0209313687
2021-10-18,1623575.3431606963
2021-10-19,1624415.636111511
2021-10-20,1620882.3214446653
2021-10-21,1623221.6947272818
2021-10-22,1599660.3246735318
2021-10-25,1618037.8803887428
2021-10-26,1618976.9887136437
2021-10-27,1607985.3347062054
2021-10-28,1614020.7409642306
2021-10-29,1634537.5381746297
2021-11-01,1644364.015496052
2021-11-02,1661850.8738305392
2021-11-03,1685994.9118502715
2021-11-04,1694209.9040409334
2021-11-05,1716693.1094782264
2021-11-08,1762357.3308564338
2021-11-09,1774805.7271482053
2021-11-10,1785240.3955177607
2021-11-11,1765820.6393180017
2021-11-12,1769941.2792264763
2021-11-15,1782709.4137355476
2021-11-16,1813645.3280158588
2021-11-17,1833268.1108130766
2021-11-18,1835065.9766352933
2021-11-19,1813476.9767180395
2021-11-22,1811329.2844453617
2021-11-23,1803395.4438813212
2021-11-24,1831619.1541868832
2021-11-25,1847526.5055975572
2021-11-26,1792060.0958878973
2021-11-29,1775191.4809822752
2021-11-30,1801354.0365964659
2021-12-01,1833478.6115129695
2021-12-02,1859614.7616668572
2021-12-03,1862972.9235638278
2021-12-06,1895141.5058637825
2021-12-07,1932007.1473011882
2021-12-08,1949136.6697951292
2021-12-09,1961196.3592553139
2021-12-10,1941388.0867207323
2021-12-13,1923058.930304726
2021-12-14,1878123.1463918872
2021-12-15,1901292.7929073665
2021-12-16,1915744.3446056833
2021-12-17,1911181.2437790965
2021-12-20,1905198.7849601477
2021-12-21,1922860.6493850332
2021-12-22,1918118.7896911227
2021-12-23,1919387.1573038793
2021-12-24,1925141.5992910957
2021-12-27,1936460.7543550562
2021-12-28,1955757.706608409
2021-12-29,1960044.4155089129
2021-12-30,1960344.8976033933
2022-01-03,1921007.9923362692
2022-01-04,1926031.2584823961
2022-01-05,1926258.7174721651
2022-01-06,1917586.0179188554
2022-01-07,1904684.8659282343
2022-01-10,1914914.5577413326
2022-01-11,1924018.9032658604
2022-01-12,1924528.7028389925
2022-01-13,1938778.8236684033
2022-01-14,1908891.0986671785
2022-01-17,1945042.0024824578
2022-01-18,1929208.7263622219
2022-01-19,1911893.9159073292
2022-01-20,1908920.0634548923
2022-01-21,1880968.8159065628
2022-01-24,1880427.7853637312
2022-01-25,1851093.8435638393
2022-01-26,1842322.5551756807
2022-02-07,1866979.8589214801
2022-02-08,1876816.1713198458
2022-02-09,1894366.0329280929
2022-02-10,1900040.7920670833
2022-02-11,1896880.3056695277
2022-02-14,1859284.8450447354
2022-02-15,1860892.1183415249
2022-02-16,1884617.5948098819
2022-02-17,1889056.1015283603
2022-02-18,1880583.318394368
2022-02-21,1881369.8646939166
2022-02-22,1862329.3900637256
2022-02-23,1866441.832953455
2022-02-24,1823788.5376745628
2022-02-25,1828512.6163382127
2022-03-01,1855604.3036223901
2022-03-02,1847810.5088116713
2022-03-03,1868825.3948495444
2022-03-04,1862265.1789186005
2022-03-07,1793925.4093699825
2022-03-08,1746206.4502596199
2022-03-09,1779330.871927606
2022-03-10,1820518.244172546
2022-03-11,1826056.403935672
2022-03-14,1848979.2454558047
2022-03-15,1818745.002457441
2022-03-16,1824305.518193441
2022-03-17,1876583.8887059467
2022-03-18,1867557.387253867
2022-03-21,1861198.8878224913
2022-03-22,1848594.3120020616
2022-03-23,1874410.7629202069
2022-03-24,1856580.1648075683
2022-03-25,1831856.7953975145
2022-03-28,1839517.4805864529
2022-03-29,1846564.6375281692
2022-03-30,1862182.7726943113
2022-03-31,1864437.150272781
2022-04-01,1872681.210236388
2022-04-06,1877648.3181924068
2022-04-07,1832251.305414214
2022-04-08,1870309.9242764397
2022-04-11,1859389.903199023
2022-04-12,1860452.4994798405
2022-04-13,1899585.6074503015
2022-04-14,1902791.9035647851
2022-04-15,1895724.2324958493
2022-04-18,1861221.7464938844
2022-04-19,1874116.5330540163
2022-04-20,1889345.1148335608
2022-04-21,1911214.680621376
2022-04-22,1921472.1759517672
2022-04-25,1876400.674999419
2022-04-26,1859386.8171757397
2022-04-27,1847448.377356433
2022-04-28,1835633.0867717671
2022-04-29,1870973.0453679864
2022-05-03,1866105.8558327924
2022-05-04,1869396.3915396903
2022-05-05,1862989.8634568464
2022-05-06,1841819.6099242195
2022-05-09,1781871.0749308912
2022-05-10,1774132.5997116382
2022-05-11,1748114.6842660843
2022-05-12,1669373.755905887
2022-05-13,1710390.853807047
2022-05-16,1700512.7319047775
2022-05-17,1675993.7279824722
2022-05-18,1705450.0297794805
2022-05-19,1668327.6961670397
2022-05-20,1678498.9722719686
2022-05-23,1712230.8774383783
2022-05-24,1692403.179330499
2022-05-25,1706418.2803445053
2022-05-26,1689149.8575548176
2022-05-27,1716816.8782245175
2022-05-30,1740387.701880826
2022-05-31,1747540.627782819
2022-06-01,1741933.732204682
2022-06-02,1743375.384906052
2022-06-06,1743699.8137207134
2022-06-07,1736541.941482066
2022-06-08,1744017.2852435468
2022-06-09,1726806.1558027102
2022-06-10,1711051.000558852
2022-06-13,1671775.379709277
2022-06-14,1676658.6802321873
2022-06-15,1665394.9255009354
2022-06-16,1640418.7162574811
2022-06-17,1618258.0316114877
2022-06-20,1564373.989181557
2022-06-21,1619247.9559930477
2022-06-22,1578880.0957682421
2022-06-23,1546563.5199997162
2022-06-24,1571575.9728545344
2022-06-27,1613618.754932147
2022-06-28,1616786.775332501
2022-06-29,1588182.5193767452
2022-06-30,1553034.9682243296
2022-07-01,1525048.4190615204
2022-07-04,1497671.2508175774
2022-07-05,1532131.6011570129
2022-07-06,1503619.9591791972
2022-07-07,1511369.0538904285
2022-07-08,1509095.3362274307
2022-07-11,1511901.433842267
2022-07-12,1461837.0319309486
2022-07-13,1499089.3991816426
2022-07-14,1500366.547007011
2022-07-15,1482626.0906063777
2022-07-18,1508449.919863107
2022-07-19,1511687.4354903812
2022-07-20,1510785.8398784979
2022-07-21,1536473.3362617572
2022-07-22,1549083.7941826044
2022-07-25,1566646.5129985658
2022-07-26,1557053.7318526257
2022-07-27,1563235.198228344
2022-07-28,1573113.696921946
2022-07-29,1578679.1982475247
2022-08-01,1583536.286396216
2022-08-02,1539147.6936187407
2022-08-03,1532757.9254371088
2022-08-04,1517619.6914951615
2022-08-05,1552683.7371532961
2022-08-08,1551993.8312532657
2022-08-09,1566400.636858425
2022-08-10,1555640.52838967
2022-08-11,1566585.0210562109
2022-08-12,1561071.9578782236
2022-08-15,1548816.901378487
2022-08-16,1552688.8396734172
2022-08-17,1559207.2100743696
2022-08-18,1570770.9992042312
2022-08-19,1578775.4261137825
2022-08-22,1593868.8752551158
2022-08-23,1588852.1575836455
2022-08-24,1610538.6094341567
2022-08-25,1625769.9118800093
2022-08-26,1654707.1786794323
2022-08-29,1613162.889943399
2022-08-30,1622093.9299703653
2022-08-31,1659233.1400821
2022-09-01,1639625.4086663146
2022-09-02,1631775.4176493792
2022-09-05,1634103.3662847546
2022-09-06,1619054.192772535
2022-09-07,1606462.6199362455
2022-09-08,1636199.778943149
2022-09-12,1649420.689595265
2022-09-13,1642629.6405242563
2022-09-14,1626465.3868765403
2022-09-15,1617648.8734432603
2022-09-16,1599021.6616226598
2022-09-19,1580560.1603031568
2022-09-20,1581341.0130885704
2022-09-21,1560169.8607997817
2022-09-22,1569308.88191894
2022-09-23,1540132.7151043285
2022-09-26,1495299.8872548267
2022-09-27,1502299.2771815453
2022-09-28,1446164.2453600678
2022-09-29,1473893.9403159656
2022-09-30,1471805.9826236086
2022-10-03,1446717.5157204694
2022-10-04,1468716.0435913017
2022-10-05,1478470.0603581867
2022-10-06,1484160.7080366376
2022-10-07,1470448.4382078128
2022-10-11,1428930.1621220987
2022-10-12,1446198.9610778925
2022-10-13,1400404.9633118606
2022-10-14,1419497.3192709652
2022-10-17,1403392.2551465025
2022-10-18,1407270.9973670344
2022-10-19,1397971.1127737323
2022-10-20,1375313.6345233284
2022-10-21,1346370.487801427
2022-10-24,1355924.0717078988
2022-10-25,1346775.7633843552
2022-10-26,1345703.8650103472
2022-10-27,1377570.8672701342
2022-10-28,1362232.0567967612
2022-10-31,1374470.7756369915
2022-11-01,1379963.4608070527
2022-11-02,1391237.2706033185
2022-11-03,1384337.064846257
2022-11-04,1391674.170377709
2022-11-07,1417014.915300791
2022-11-08,1428077.4265028203
2022-11-09,1464895.1112195323
2022-11-10,1456415.5000010962
2022-11-11,1494740.7516669484
2022-11-14,1524417.181743931
2022-11-15,1541370.239128388
2022-11-16,1536384.7590806093
2022-11-17,1545624.0930755604
2022-11-18,1534925.019897931
2022-11-21,1529302.5655262023
2022-11-22,1532946.4625121986
2022-11-23,1532824.9643233425
2022-11-24,1552722.2362783407
2022-11-25,1546573.1632171788
2022-11-28,1527994.3817283101
2022-11-29,1544348.4557143832
2022-11-30,1563721.807202449
2022-12-01,1576113.3607704926
2022-12-02,1578115.1483382133
2022-12-05,1590745.9065708157
2022-12-06,1573169.5474670874
2022-12-07,1556418.4968590813
2022-12-08,1550249.202083684
2022-12-09,1557097.8021850167
2022-12-12,1549626.6406624513
2022-12-13,1545016.0017609533
2022-12-14,1562220.180064838
2022-12-15,1547389.2544519883
2022-12-16,1537905.9230069625
2022-12-19,1533145.7022682081
2022-12-20,1501711.7048239212
2022-12-21,1506256.372408862
2022-12-22,1535696.8247918722
2022-12-23,1524592.1653988585
2022-12-26,1538947.2897304408
2022-12-27,1539908.9339020555
2022-12-28,1519307.1181265903
2022-12-29,1509034.398944345
2022-12-30,1508247.5574073028
2023-01-03,1500794.6060462387
2023-01-04,1501357.229257404
2023-01-05,1494739.5430993733
2023-01-06,1510199.7527619025
2023-01-09,1540641.6958591244
2023-01-10,1538572.2614802634
2023-01-11,1530690.8451862044
2023-01-12,1516353.1550373624
2023-01-13,1523321.7914840668
2023-01-16,1529683.8182312013
2023-01-17,1528008.0187402195
2023-01-30,1564775.0457656956
2023-01-31,1564135.1365055637
2023-02-01,1579592.179885724
2023-02-02,1601471.3547013435
2023-02-03,1605265.24479226
2023-02-06,1592532.9926818504
2023-02-07,1595165.1911575228
2023-02-08,1616476.7733829783
2023-02-09,1614205.6766945561
2023-02-10,1608881.9613717084
2023-02-13,1602000.0567812563
2023-02-14,1618209.4104364489
2023-02-15,1611579.6904996985
2023-02-16,1619405.1993187235
2023-02-17,1620586.7349993885
2023-02-20,1626680.9861851595
2023-02-21,1636472.7944191464
2023-02-22,1619261.8304251542
2023-02-23,1652223.862684299
2023-02-24,1654932.8273707158
2023-03-01,1659304.3889101497
2023-03-02,1658747.165142481
2023-03-03,1660990.3571381315
2023-03-06,1678596.0489552736
2023-03-07,1687285.6913676267
2023-03-08,1678876.9881418517
2023-03-09,1671226.8352559654
2023-03-10,1654166.8416098158
2023-03-13,1647674.9882817606
2023-03-14,1630714.3949729027
2023-03-15,1638579.0822472733
2023-03-16,1634707.3871107113
2023-03-17,1660039.2608965428
2023-03-20,1660715.8472918093
2023-03-21,1671029.7175493166
2023-03-22,1696331.6111640877
2023-03-23,1708789.6475652843
2023-03-24,1718009.8169552865
2023-03-27,1708414.243359454
2023-03-28,1694439.8866007149
2023-03-29,1698521.416529897
2023-03-30,1714571.8191297182
2023-03-31,1722456.9897356173
2023-04-06,1717150.251726786
2023-04-07,1711325.3296536033
2023-04-10,1731792.709801589
2023-04-11,1740307.1750164854
2023-04-12,1747022.4097074904
2023-04-13,1726321.350013532
2023-04-14,1736984.0851044094
2023-04-17,1733113.971516293
2023-04-18,1726667.4974496635
2023-04-19,1725362.747698722
2023-04-20,1718481.053868752
2023-04-21,1702082.9456357944
2023-04-24,1713814.8325788968
2023-04-25,1680170.1087680832
2023-04-26,1686008.9598191294
2023-04-27,1698311.3702327565
2023-04-28,1713143.8678030167
2023-05-02,1739465.8292076266
2023-05-03,1734949.1679160544
2023-05-04,1738231.2117708256
2023-05-05,1735603.0942560965
2023-05-08,1744289.4837662675
2023-05-09,1749587.1156775043
2023-05-10,1730042.4815172467
2023-05-11,1726889.6284565162
2023-05-12,1731525.1005785048
2023-05-15,1731172.164986021
2023-05-16,1751513.0069034507
2023-05-17,1766788.5667102088
2023-05-18,1791679.6154447654
2023-05-19,1814488.8568963658
2023-05-22,1808077.0181810914
2023-05-23,1818489.8176142697
2023-05-24,1815771.2273878967
2023-05-25,1838623.4170698784
2023-05-26,1866764.7979415003
2023-05-29,1886028.8037334222
2023-05-30,1892305.2975390442
2023-05-31,1886492.0532197554
2023-06-01,1885235.59457769
2023-06-02,1914534.3021139083
2023-06-05,1921387.4846975568
2023-06-06,1929939.400301755
2023-06-07,1950915.5265265545
2023-06-08,1928799.1878705642
2023-06-09,1967381.4000428508
2023-06-12,1960871.524864992
2023-06-13,1990571.7472326895
2023-06-14,2003569.583849745
2023-06-15,2017084.594600111
2023-06-16,2008481.1227895226
2023-06-19,2016242.3231991578
2023-06-20,2005610.3965070732
2023-06-21,2030201.6050618668
2023-06-26,2021858.821666509
2023-06-27,1991928.2743573529
2023-06-28,2008824.169815409
2023-06-29,2025016.8091747498
2023-06-30,2038716.7078896083
2023-07-03,2103399.4331015665
2023-07-04,2151779.8887120415
2023-07-05,2141182.9694229853
2023-07-06,2118402.6518276273
2023-07-07,2117114.6712490874
2023-07-10,2094926.6922801435
2023-07-11,2145387.035847489
2023-07-12,2166840.356370333
2023-07-13,2166290.8116641142
2023-07-14,2196458.3794407826
2023-07-17,2192853.6435051137
2023-07-18,2196798.0293055363
2023-07-19,2164800.997669035
2023-07-20,2214651.2977510816
2023-07-21,2242545.0248834994
2023-07-24,2268424.742635648
2023-07-25,2272287.587226577
2023-07-26,2283798.9955041814
2023-07-27,2287520.815722803
2023-07-28,2322573.634659323
2023-07-31,2257712.502096331
2023-08-01,2269914.9077417413
2023-08-02,2194612.037981372
2023-08-04,2182902.2159496257
2023-08-07,2232642.437692508
2023-08-08,2232712.7902347655
2023-08-09,2214691.5335020395
2023-08-10,2171115.0866098544
2023-08-11,2174009.6631742697
2023-08-14,2161096.100068264
2023-08-15,2176004.431421722
2023-08-16,2192514.5710808933
2023-08-17,2193000.2169398414
2023-08-18,2162807.3173359414
2023-08-21,2166346.218605596
2023-08-22,2179226.1942785354
2023-08-23,2201457.406533301
2023-08-24,2223935.7231743922
2023-08-25,2174117.1937809293
2023-08-28,2185867.16070262
2023-08-29,2200186.9244096098
2023-08-30,2218774.129603379
2023-08-31,2201552.648208984
2023-09-01,2190574.990750395
2023-09-04,2209797.606858622
2023-09-05,2212110.7813307173
2023-09-06,2214126.847443359
2023-09-07,2200427.308937056
2023-09-08,2197626.649221292
2023-09-11,2164634.5759215285
2023-09-12,2169787.832436141
2023-09-13,2176810.6781854234
2023-09-14,2212032.6347706914
2023-09-15,2218784.1923215534
2023-09-18,2183375.0631849016
2023-09-19,2170154.6696820846
2023-09-20,2156090.8228734517
2023-09-21,2138530.3682974097
2023-09-22,2152967.5695168227
2023-09-25,2165381.17285415
2023-09-26,2134872.090722314
2023-09-27,2148536.094463075
2023-09-28,2157537.65558242
2023-10-02,2206035.105265837
2023-10-03,2190184.529951748
2023-10-04,2171192.8555652606
2023-10-05,2202050.1068744203
2023-10-06,2213916.33737655
2023-10-11,2226612.9286133004
2023-10-12,2246056.762799503
2023-10-13,2227045.7246963875
2023-10-16,2215146.8753204504
2023-10-17,2199966.979650733
2023-10-18,2174250.845592364
2023-10-19,2171563.4867228433
2023-10-20,2166691.3435249524
2023-10-23,2141270.9307194324
2023-10-24,2164441.7565742317
2023-10-25,2170112.1420141864
2023-10-26,2131211.446118954
2023-10-27,2148805.9590937854
2023-10-30,2150407.3530175923
2023-10-31,2122587.3834582134
2023-11-01,2133682.1823176104
2023-11-02,2177602.9256236777
2023-11-03,2195361.9273915784
2023-11-06,2246448.662419199
2023-11-07,2263647.201143538
2023-11-08,2272416.8344288445
2023-11-09,2283927.068729631
2023-11-10,2245060.2107761744
2023-11-13,2260181.602104227
2023-11-14,2263212.6824895255
2023-11-15,2280731.485936763
2023-11-16,2257809.0209952025
2023-11-17,2263114.50399131
2023-11-20,2266715.854351346
2023-11-21,2281545.6531732017
2023-11-22,2264807.0274767545
2023-11-23,2269809.3291190905
2023-11-24,2266362.238103767
2023-11-27,2243285.6198231815
2023-11-28,2250585.641640546
2023-11-29,2268173.0779203367
2023-11-30,2260858.302044638
2023-12-01,2267625.652970317
2023-12-04,2266622.9514625976
2023-12-05,2237581.8029118245
2023-12-06,2239130.4929938186
2023-12-07,2234383.9157051817
2023-12-08,2246618.881351099
2023-12-11,2231873.3178103273
2023-12-12,2228456.7826152467
2023-12-13,2239109.36486109
2023-12-14,2255227.399877977
2023-12-15,2258134.5303317388
2023-12-18,2269130.4079878223
2023-12-19,2256133.4341411167
2023-12-20,2284555.190116889
2023-12-21,2279206.488835
2023-12-22,2286786.5891000074
2023-12-25,2290676.285147398
2023-12-26,2309046.7166956314
2023-12-27,2331560.7826497904
2023-12-28,2325419.363503733
2023-12-29,2341170.5798832923
2024-01-02,2307911.3856133264
2024-01-03,2262306.009705111
2024-01-04,2259690.1557896985
2024-01-05,2256115.159657514
2024-01-08,2261461.190148488
2024-01-09,2260957.6597595387
2024-01-10,2266513.2098630336
2024-01-11,2287470.5452604806
2024-01-12,2291820.3931150846
2024-01-15,2291651.977670162
2024-01-16,2279442.8071038313
2024-01-17,2243843.953994657
2024-01-18,2252211.3188292854
2024-01-19,2319411.892846355
2024-01-22,2368628.6491903285
2024-01-23,2373807.99187042
2024-01-24,2369159.3529806742
2024-01-25,2384401.7799527193
2024-01-26,2366132.2833713847
2024-01-29,2384244.1093637813
2024-01-30,2386279.996267801
2024-01-31,2372039.166625107
2024-02-01,2370565.577307039
2024-02-02,2384057.5207539406
2024-02-05,2404238.957730629
2024-02-15,2456213.524457205
2024-02-16,2438029.058442053
2024-02-19,2444349.6278729476
2024-02-20,2455152.185891222
2024-02-21,2428181.203456832
2024-02-22,2439033.818267509
2024-02-23,2451165.7705738037
2024-02-26,2479880.298043388
2024-02-27,2450322.314699451
2024-02-29,2469194.4647322805
2024-03-01,2473703.291336335
2024-03-04,2498033.029311867
2024-03-05,2526029.9598626755
2024-03-06,2543255.0612116572
2024-03-07,2566207.874899477
2024-03-08,2569001.153514253
2024-03-11,2575039.085691885
2024-03-12,2610049.531537403
2024-03-13,2605297.0293603754
2024-03-14,2589548.653423368
2024-03-15,2595113.4128653696
2024-03-18,2614103.6187987393
2024-03-19,2618782.334742818
2024-03-20,2603638.7144814543
2024-03-21,2645771.1702789264
2024-03-22,2651749.024808976
2024-03-25,2634993.631966871
2024-03-26,2623772.2027452393
2024-03-27,2640504.117026768
2024-03-28,2665110.3196001984
2024-03-29,2691818.157959843
2024-04-01,2667839.2730116765
2024-04-02,2698418.628209331
2024-04-03,2703927.793835042
2024-04-08,2712898.062361615
2024-04-09,2728375.7470592684
2024-04-10,2722360.1667430284
2024-04-11,2724335.3528163345
2024-04-12,2719835.5195299643
2024-04-15,2680654.551736121
2024-04-16,2591155.502576255
2024-04-17,2626829.7097895583
2024-04-18,2639138.290990952
2024-04-19,2548900.834447557
2024-04-22,2522081.003428982
2024-04-23,2540183.66346506
2024-04-24,2621096.0464832447
2024-04-25,2577930.802121127
2024-04-26,2606330.4858573647
2024-04-29,2675186.465564223
2024-04-30,2662694.614895133
2024-05-02,2643248.513160589
2024-05-03,2654789.4017000226
2024-05-06,2691627.3435937306
2024-05-07,2721544.568248104
2024-05-08,2734716.4408744858
2024-05-09,2756690.774774388
2024-05-10,2831677.19703205
2024-05-13,2875547.5702467235
2024-05-14,2936769.100766164
2024-05-15,2942750.0240805177
2024-05-16,2993910.2759140874
2024-05-17,2981652.0972942114
2024-05-20,2973103.1794625497
2024-05-21,2949140.090629685
2024-05-22,2993037.800441629
2024-05-23,3021106.8126223497
2024-05-24,3044201.6491500535
2024-05-27,3130302.4631188056
2024-05-28,3159720.1333477376
2024-05-29,3114161.192329901
2024-05-30,3089092.404626269
2024-05-31,2994540.4707365576
2024-06-03,3052200.4843764324
2024-06-04,3008458.688999315
2024-06-05,3050175.65766805
2024-06-06,3136473.3552620225
2024-06-07,3116076.3955885577
2024-06-11,3056603.268271315
2024-06-12,3050496.871335668
2024-06-13,3109228.4223458725
2024-06-14,3170420.1838692618
2024-06-17,3147979.5268259044
2024-06-18,3178101.215541503
2024-06-19,3279325.111132033
2024-06-20,3321024.07584011
2024-06-21,3292537.037222319
2024-06-24,3216388.0399169065
2024-06-25,3218327.1512628556
2024-06-26,3220078.733901041
2024-06-27,3226476.4417918096
2024-06-28,3218581.334698521
2024-07-01,3229606.4892656547
2024-07-02,3206348.3871033327
2024-07-03,3226841.960359887
2024-07-04,3255279.5742560956
2024-07-05,3230293.812788626
2024-07-08,3244849.50488832
2024-07-09,3248077.6976665426
2024-07-10,3254832.6160784424
2024-07-11,3267785.532662977
2024-07-12,3181466.7113815667
2024-07-15,3164182.4361769296
2024-07-16,3168144.48330457
2024-07-17,3133932.050948996
2024-07-18,3081597.732150872
2024-07-19,3014887.8219222515
2024-07-22,2922787.393738764
2024-07-23,3019730.0130809345
2024-07-26,2920726.6073888782
2024-07-29,2885901.296386157
2024-07-30,2928133.5423684237
2024-07-31,2942159.606286559
2024-08-01,2981203.876645475
2024-08-02,2898737.752188304
2024-08-05,2684039.173749788
2024-08-06,2775952.559552596
2024-08-07,2874434.3114747717
2024-08-08,2814889.2762414375
2024-08-09,2878955.1804846767
2024-08-12,2947082.9215936456
2024-08-13,2926087.162193225
2024-08-14,2958294.389241344
2024-08-15,2949897.6354944305
2024-08-16,3001999.7567364564
2024-08-19,3000369.261949939
2024-08-20,3004481.356773586
2024-08-21,2985035.712644993
2024-08-22,2976157.850366125
2024-08-23,2975771.830148216
2024-08-26,2992513.5765119744
2024-08-27,2965929.761788014
2024-08-28,2978076.0196840493
2024-08-29,2983919.9072918864
2024-08-30,3004967.3411077308
2024-09-02,2994579.6517024543
2024-09-03,2978487.1843683026
2024-09-04,2886153.0823516683
2024-09-05,2904510.2744258507
2024-09-06,2925667.4132606024
2024-09-09,2890246.8872260274
2024-09-10,2891937.0175793255
2024-09-11,2905469.726844473
2024-09-12,2944607.7462540045
2024-09-13,2956001.696580606
2024-09-16,2960679.698685939
2024-09-18,2964299.740261938
2024-09-19,2992473.6542005353
2024-09-20,3011782.4779725047
2024-09-23,3056464.4475819124
2024-09-24,3113069.2181483926
2024-09-25,3161878.840785967
2024-09-26,3189151.360393645
2024-09-27,3185815.2813519603
2024-09-30,3097622.0346463113
2024-10-01,3122250.0668163267
2024-10-04,3024905.4942491185
2024-10-07,3034037.401032304
2024-10-08,3014452.6629819623
2024-10-09,2976503.1635408695
2024-10-11,2981163.698176714
2024-10-14,2976374.6477840855
2024-10-15,2993773.4022742417
2024-10-16,2989656.977112235
2024-10-17,3038822.869853557
2024-10-18,3058690.0512182144
2024-10-21,3044416.1975759952
2024-10-22,3053656.504507165
2024-10-23,3033869.5488273036
2024-10-24,3029696.62078796
2024-10-25,3042227.90044493
2024-10-28,3059991.2209238047
2024-10-29,3027901.1624787087
2024-10-30,3027954.3163852203
2024-11-01,3059067.1234480613
2024-11-04,3091913.653848257
2024-11-05,3123830.449083284
2024-11-06,3124776.3573233667
2024-11-07,3142609.9468136877
2024-11-08,3175749.1568772923
2024-11-11,3182102.23627039
2024-11-12,3147771.6043222495
2024-11-13,3156632.491105377
2024-11-14,3154206.6467802203
2024-11-15,3151319.531205174
2024-11-18,3123816.7148641283
2024-11-19,3167575.738536224
2024-11-20,3185264.320926007
2024-11-21,3177319.6425537933
2024-11-22,3193369.7973982194
2024-11-25,3200878.974323037
2024-11-26,3184701.51785317
2024-11-27,3086435.5863363883
2024-11-28,3091964.705557288
2024-11-29,3083900.0483068093
2024-12-02,3130741.4395545865
2024-12-03,3191025.268500289
2024-12-04,3217029.2260021237
2024-12-05,3223201.156329927
2024-12-06,3234262.5795679563
2024-12-09,3290697.4289688626
2024-12-10,3249162.622224276
2024-12-11,3216299.6679733535
2024-12-12,3226350.757524105
2024-12-13,3225633.502034849
2024-12-16,3181585.9344696924
2024-12-17,3203975.7912287125
2024-12-18,3203895.917407838
2024-12-19,3182253.024477027
2024-12-20,3179312.15951195
2024-12-23,3224861.537785156
2024-12-24,3227881.1664954447
2024-12-25,3226143.030578362
2024-12-26,3219835.18982451
2024-12-27,3211598.346186421
2024-12-30,3191660.660411675
2024-12-31,3176335.9685528227
2025-01-02,3180828.014796308
2025-01-03,3214566.853163268
2025-01-06,3242690.5709152557
2025-01-07,3263797.5238419874
2025-01-08,3256003.821009446
2025-01-09,3169634.7779281093
2025-01-10,3145596.4129604837
2025-01-13,3072149.6420355374
2025-01-14,3111587.9514933475
2025-01-15,3063017.835214528
2025-01-16,3083880.0828552917
2025-01-17,3091136.437384209
2025-01-20,3098702.8311656266
2025-01-21,3096697.8719038116
2025-01-22,3109458.9106473383
2025-02-03,3018885.448922565
2025-02-04,2988121.0070805955
2025-02-05,3047749.4058650034
2025-02-06,3051769.6873026267
2025-02-07,3046339.8421389
2025-02-10,3047290.0150235756
2025-02-11,3060126.8216898134
2025-02-12,3059914.475172737
2025-02-13,3096886.633991623
2025-02-14,3090120.120057585
2025-02-17,3133408.9741038703
2025-02-18,3140243.016799405
2025-02-19,3136708.4247927614
2025-02-20,3116660.0152310827
2025-02-21,3130343.5093343146
2025-02-24,3143855.9349472513
2025-02-25,3139587.8837369387
2025-02-26,3154600.068744635
2025-02-27,3113093.915000878
2025-03-03,3106861.478796406
2025-03-04,3099238.846125598
2025-03-05,3114057.0329259904
2025-03-06,3127462.5875157155
2025-03-07,3119225.322698649
2025-03-10,3103281.0233268007
2025-03-11,3080595.276516082
2025-03-12,3086999.8974042814
2025-03-13,3060428.1993077137
2025-03-14,3058848.908107561
2025-03-17,3090606.875139767
2025-03-18,3121136.701875367
2025-03-19,3095615.8887043847
2025-03-20,3134592.2055011364
2025-03-21,3116100.906094335
2025-03-24,3116849.069496477
2025-03-25,3127480.3735437985
2025-03-26,3125965.654681834
2025-03-27,3103602.733290224
2025-03-28,3064637.314842258
2025-03-31,2966777.664099298
2025-04-01,3041440.952922334
2025-04-02,3032951.39223475
2025-04-07,2732472.8764777905
2025-04-08,2666446.360790588
2025-04-09,2482824.2463046634
2025-04-10,2713887.5388802504
2025-04-11,2834776.155895463
2025-04-14,2858818.0258523407
2025-04-15,2892055.2076358064
2025-04-16,2856711.70831013
2025-04-17,2804731.2011053786
2025-04-18,2829045.287927014
2025-04-21,2791421.1203200575
2025-04-22,2749338.3268967206
2025-04-23,2837776.56660839
2025-04-24,2804505.175364817
2025-04-25,2838009.193950511
2025-04-28,2848028.9440667294
2025-04-29,2869390.710348624
2025-04-30,2887130.1905526463
2025-05-02,2916069.087704889
2025-05-05,2893927.9646872007
2025-05-06,2930613.3625083594
2025-05-07,2921025.2231126493
2025-05-08,2916350.9713375648
2025-05-09,2950098.861687255
2025-05-12,2981533.5351003353
2025-05-13,3046917.065752985
2025-05-14,3095986.31690208
2025-05-15,3122488.901423407
2025-05-16,3186087.8150062333
2025-05-19,3133754.0333156623
2025-05-20,3153538.0844462994
2025-05-21,3189667.1578648454
2025-05-22,3217451.525838676
2025-05-23,3198026.6328871967
2025-05-26,3151141.2678896333
2025-05-27,3120856.2519580736
2025-05-28,3104390.2350051925
2025-05-29,3065913.913552143
2025-06-02,3069976.131986568
2025-06-03,3113756.1815498443
2025-06-04,3142949.0431997133
2025-06-05,3094588.207243873
2025-06-06,3078934.557647383
2025-06-09,3088586.8024820946
2025-06-10,3110659.5070540896
2025-06-11,3151947.6673506116
2025-06-12,3141199.566053865
2025-06-13,3148007.360976065
2025-06-16,3131111.0656700605
2025-06-17,3138280.6913638436
2025-06-18,3153833.734644826
2025-06-19,3125498.944401802
2025-06-20,3103696.952100613
2025-06-23,3087966.217941581
2025-06-24,3157112.8453555666
2025-06-25,3181616.8425662424
2025-06-26,3165924.092716968
2025-06-27,3163979.320645935
2025-06-30,3135195.401124411
2025-07-01,3147863.0324526993
2025-07-02,3162974.4290084904
2025-07-03,3168108.194707623
2025-07-04,3145408.95490542
2025-07-07,3150512.3394344538
2025-07-08,3133850.452741087
2025-07-09,3173921.1678072494
2025-07-10,3198912.665012173
2025-07-11,3200207.4745971034
2025-07-14,3173615.8279649303
2025-07-15,3206812.570923118
2025-07-16,3213118.770876778
2025-07-17,3205623.432179186
2025-07-18,3228157.41700001
2025-07-21,3211500.119592634
2025-07-22,3175756.297754551
2025-07-23,3210417.834096922
2025-07-24,3233120.7234281986
2025-07-25,3226194.1677371254
2025-07-28,3232863.2964931
2025-07-29,3201186.5828638542
2025-07-30,3211128.1271281075
2025-07-31,3231126.7318573515
2025-08-04,3220112.363964664
2025-08-05,3256035.870714932
2025-08-06,3242760.557564464
2025-08-07,3270617.416844118
2025-08-08,3279897.3321426907
2025-08-11,3310845.3870300786
2025-08-12,3306268.3924383675
2025-08-13,3308371.1921757273
2025-08-14,3318991.147095965
2025-08-15,3311086.090197242
2025-08-18,3324900.5952455043
2025-08-19,3307514.218565547
2025-08-20,3235750.168427834
2025-08-21,3249718.4384107315
2025-08-22,3222443.7495439276
2025-08-25,3277922.7051438545
2025-08-26,3268468.7203625445
2025-08-27,3263229.0430178572
2025-08-28,3243170.5523962006
2025-08-29,3222778.750574523
2025-09-01,3208019.1191570195
2025-09-02,3229710.71020823
2025-09-03,3240178.3142816457
2025-09-04,3262183.020397787
2025-09-05,3296437.8798795315
2025-09-08,3311530.097349092
2025-09-09,3333544.8959349277
2025-09-10,3382970.273228587
2025-09-11,3380887.2284307955
2025-09-12,3407320.0260983487
2025-09-15,3400558.167327332
2025-09-16,3410480.024828148
2025-09-17,3392563.033961421
2025-09-18,3422116.8797001448
2025-09-19,3427409.9839153658
2025-09-22,3425239.5185537585
2025-09-23,3449853.264278208
2025-09-24,3440078.2179396083
2025-09-25,3445910.4657355924
2025-09-26,3413255.8583569634
2025-09-30,3466212.5761307646
2025-10-01,3457240.3725996134
2025-10-02,3480986.3260999615
2025-10-03,3509132.046923318
2025-10-07,3553047.673470324
2025-10-08,3543538.448483726
2025-10-09,3551403.5006731427
2025-10-13,3500917.954667759
2025-10-14,3470959.5002959548
2025-10-15,3517154.887225084
2025-10-16,3569034.412704139
2025-10-17,3558042.4075921406
2025-10-20,3609428.8623014973
2025-10-21,3618614.8622976975
2025-10-22,3621836.278734654
2025-10-23,3614937.662771408
2025-10-27,3649617.606539008
2025-10-28,3630235.352367713
2025-10-29,3674778.2742217127
2025-10-30,3695976.739774436
2025-10-31,3691478.6284893043
2025-11-03,3678424.0351388785
2025-11-04,3657312.654384981
2025-11-05,3630709.383820242
2025-11-06,3635088.16875209
2025-11-07,3563539.6537561137
2025-11-10,3594601.2392326887
2025-11-11,3639318.256891863
2025-11-12,3619751.8670232343
2025-11-13,3623604.0562444306
2025-11-14,3568682.0046599647
2025-11-17,3542486.0174791026
2025-11-18,3468327.1605269494
2025-11-19,3452355.2240818706
2025-11-20,3530092.749544499
2025-11-21,3457264.43485429
2025-11-24,3494140.2272394467
2025-11-25,3503652.957574088
2025-11-26,3593213.038726097
2025-11-27,3631591.1794096255
2025-11-28,3618287.8581905686
2025-12-01,3612986.5821555816
2025-12-02,3644817.273750322
2025-12-03,3665117.260627779
2025-12-04,3680536.432983439
2025-12-05,3719132.859532887
2025-12-08,3739189.059564102
2025-12-09,3734951.7142600454
2025-12-10,3737047.0151144327
2025-12-11,3702050.8140322557
2025-12-12,3713818.3933922118
2025-12-15,3683392.3933903687
2025-12-16,3648486.625025927
2025-12-17,3671851.4319087765
2025-12-18,3654819.0881081214
2025-12-19,3694720.441484302
2025-12-22,3722039.5035792035
2025-12-23,3715518.9673165036
2025-12-24,3711206.629452215
2025-12-26,3721498.619310508
2025-12-29,3751754.448501718
2025-12-30,3742568.935320663
2025-12-31,3769886.532839662
2026-01-02,3803504.3341519367
2026-01-05,3833398.0888256063
2026-01-06,3860738.7567311106
2026-01-07,3907294.082725367
2026-01-08,3846781.798495131
2026-01-09,3829870.5148133007
2026-01-12,3834973.877195907
2026-01-13,3817772.753247638
2026-01-14,3835646.005945767
2026-01-15,3833261.1343641463
2026-01-16,3870380.543647665
2026-01-19,3866898.607522692
2026-01-20,3863966.2719514733
2026-01-21,3815336.8892972698
2026-01-22,3863215.6367146685
2026-01-23,3888867.4065143
2026-01-26,3952828.9526191438
2026-01-27,3958032.903611607
2026-01-28,3972722.634544589
2026-01-29,3932297.089577744
2026-01-30,3838838.607705398
2026-02-02,3793745.288008151
2026-02-03,3830183.933220835
2026-02-04,3867129.380868482
2026-02-05,3848735.855154079
2026-02-06,3842155.6598807513
2026-02-09,3929818.3392455517
2026-02-10,3944611.318391969
2026-02-11,3993164.3638350233
2026-02-23,4019685.772871491
2026-02-24,4084518.3076135763
2026-02-25,4123724.438370154
2026-02-26,4174566.678348305
2026-03-02,4094035.0600424223
2026-03-03,4028854.810843595
2026-03-04,3851972.5853192876
2026-03-05,3913404.73392628
2026-03-06,3922083.603345905
2026-03-09,3803192.3063675133
2026-03-10,3854620.103230365
2026-03-11,3904379.9481755337
2026-03-12,3881592.7153861728
2026-03-13,3847337.7773496592
2026-03-16,3874360.092561321
2026-03-17,3899563.922711392
2026-03-18,3932455.6868573725
2026-03-19,3864863.769733004
2026-03-20,3862388.76464828
2026-03-23,3765172.5147369495
2026-03-24,3769086.8692028564
2026-03-25,3825920.3651225083
2026-03-26,3848552.6170560312
2026-03-27,3835528.4887685394
2026-03-30,3826159.993037007
2026-03-31,3756183.6310499995
2026-04-01,3847235.9786494994
2026-04-02,3820251.3356898255
2026-04-07,3861297.8404887044
2026-04-08,3949541.87485818
2026-04-09,3954349.60460169
2026-04-10,3939220.5076348265
2026-04-13,4005791.178548779
2026-04-14,4050091.664962556
2026-04-15,4059398.3973835586
2026-04-16,4134385.777147808
2026-04-17,4106872.1259217737
2026-04-20,4107989.002353075
2026-04-21,4128572.89656328
2026-04-22,4172302.635141488
2026-04-23,4091418.9011593577
2026-04-24,4169694.4417412877
2026-04-27,4207913.105979281
2026-04-28,4228926.034471663
2026-04-29,4226378.7314963965
2026-04-30,4232171.619158903
2026-05-04,4308625.598081504
2026-05-05,4355953.354670349
2026-05-06,4458818.09452085
2026-05-07,4505400.725553223
2026-05-08,4510433.78657385
2026-05-11,4535754.321279683
2026-05-12,4508013.686038206
2026-05-13,4473311.88855756
2026-05-14,4480992.165591248
2026-05-15,4442827.331153311
2026-05-18,4435179.638510365
2026-05-19,4413630.9721181905
2026-05-20,4406712.138604825
2026-05-21,4508586.497091657
2026-05-22,4552001.8076162385
2026-05-25,4669136.526861495
2026-05-26,4682143.672554845
2026-05-27,4809265.92100808
2026-05-28,4757961.318271227
2026-05-29,4862631.146818564
2026-06-01,4973555.794981279
2026-06-02,5095793.126944789
2026-06-03,5180708.736786043
2026-06-04,5060148.979226696
