Date,12M,24M,36M,60M
2021-04-01,1034545.9792535456,1034545.9792535456,1034545.9792535456,1034545.9792535456
2021-04-07,1117174.0904496317,1117174.0904496317,1117174.0904496317,1117174.0904496317
2021-04-08,1126467.119074823,1126467.119074823,1126467.119074823,1126467.119074823
2021-04-09,1082463.6560409998,1082463.6560409998,1082463.6560409998,1082463.6560409998
2021-04-12,1148358.2198472277,1148358.2198472277,1148358.2198472277,1148358.2198472277
2021-04-13,1137535.7281841168,1137535.7281841168,1137535.7281841168,1137535.7281841168
2021-04-14,1151248.8791708914,1151248.8791708914,1151248.8791708914,1151248.8791708914
2021-04-15,1169488.314797787,1169488.314797787,1169488.314797787,1169488.314797787
2021-04-16,1235931.7496870651,1235931.7496870651,1235931.7496870651,1235931.7496870651
2021-04-19,1305888.2027754777,1305888.2027754777,1305888.2027754777,1305888.2027754777
2021-04-20,1331722.822730121,1331722.822730121,1331722.822730121,1331722.822730121
2021-04-21,1416659.0473462525,1416659.0473462525,1416659.0473462525,1416659.0473462525
2021-04-22,1374478.1781128072,1374478.1781128072,1374478.1781128072,1374478.1781128072
2021-04-23,1373149.557793748,1373149.557793748,1373149.557793748,1373149.557793748
2021-04-26,1465854.7930045286,1465854.7930045286,1465854.7930045286,1465854.7930045286
2021-04-27,1526384.6931308808,1526384.6931308808,1526384.6931308808,1526384.6931308808
2021-04-28,1555758.89989767,1555758.89989767,1555758.89989767,1555758.89989767
2021-04-29,1605266.0446604278,1605266.0446604278,1605266.0446604278,1605266.0446604278
2021-06-01,1698878.674690555,1698878.674690555,1698878.674690555,1698878.674690555
2021-06-02,1698223.19918838,1698223.19918838,1698223.19918838,1698223.19918838
2021-06-03,1745110.9402184803,1745110.9402184803,1745110.9402184803,1745110.9402184803
2021-06-04,1724492.573690273,1724492.573690273,1724492.573690273,1724492.573690273
2021-06-07,1673728.440040805,1673728.440040805,1673728.440040805,1673728.440040805
2021-06-08,1741794.2289662808,1741794.2289662808,1741794.2289662808,1741794.2289662808
2021-06-09,1727785.9604070508,1727785.9604070508,1727785.9604070508,1727785.9604070508
2021-06-10,1720337.4579140628,1720337.4579140628,1720337.4579140628,1720337.4579140628
2021-06-11,1804472.5100797224,1804472.5100797224,1804472.5100797224,1804472.5100797224
2021-06-15,1906027.885718312,1906027.885718312,1906027.885718312,1906027.885718312
2021-06-16,1920775.1266386567,1920775.1266386567,1920775.1266386567,1920775.1266386567
2021-06-17,1958658.6767484844,1958658.6767484844,1958658.6767484844,1958658.6767484844
2021-06-18,2020906.028153455,2020906.028153455,2020906.028153455,2020906.028153455
2021-06-21,2111542.8245321987,2111542.8245321987,2111542.8245321987,2111542.8245321987
2021-06-22,2103896.744529852,2103896.744529852,2103896.744529852,2103896.744529852
2021-06-23,1997941.691780156,1997941.691780156,1997941.691780156,1997941.691780156
2021-06-24,2104466.942775158,2104466.942775158,2104466.942775158,2104466.942775158
2021-06-25,2175103.8088891967,2175103.8088891967,2175103.8088891967,2175103.8088891967
2021-06-28,2296483.870700074,2296483.870700074,2296483.870700074,2296483.870700074
2021-06-29,2288853.914929264,2288853.914929264,2288853.914929264,2288853.914929264
2021-06-30,2429930.6895459904,2429930.6895459904,2429930.6895459904,2429930.6895459904
2021-07-01,2424396.7064259406,2424396.7064259406,2424396.7064259406,2424396.7064259406
2021-07-02,2418482.085748804,2418482.085748804,2418482.085748804,2418482.085748804
2021-07-05,2443045.5979793817,2443045.5979793817,2443045.5979793817,2443045.5979793817
2021-07-06,2440341.3380623045,2440341.3380623045,2440341.3380623045,2440341.3380623045
2021-07-07,2436496.913247983,2436496.913247983,2436496.913247983,2436496.913247983
2021-07-08,2451149.8045624094,2451149.8045624094,2451149.8045624094,2451149.8045624094
2021-07-09,2418860.8786459183,2418860.8786459183,2418860.8786459183,2418860.8786459183
2021-07-12,2427415.746811165,2427415.746811165,2427415.746811165,2427415.746811165
2021-07-13,2390555.196158027,2390555.196158027,2390555.196158027,2390555.196158027
2021-07-14,2382277.665344865,2382277.665344865,2382277.665344865,2382277.665344865
2021-07-15,2435192.9145068447,2435192.9145068447,2435192.9145068447,2435192.9145068447
2021-07-16,2445354.45711363,2445354.45711363,2445354.45711363,2445354.45711363
2021-07-19,2437100.706098375,2437100.706098375,2437100.706098375,2437100.706098375
2021-07-20,2414105.6048493376,2414105.6048493376,2414105.6048493376,2414105.6048493376
2021-07-21,2385627.9416917213,2385627.9416917213,2385627.9416917213,2385627.9416917213
2021-07-22,2386387.834353844,2386387.834353844,2386387.834353844,2386387.834353844
2021-07-23,2397678.497941588,2397678.497941588,2397678.497941588,2397678.497941588
2021-07-26,2372000.304238473,2372000.304238473,2372000.304238473,2372000.304238473
2021-07-27,2350540.4018505546,2350540.4018505546,2350540.4018505546,2350540.4018505546
2021-07-28,2326780.012191956,2326780.012191956,2326780.012191956,2326780.012191956
2021-07-29,2380043.20207164,2380043.20207164,2380043.20207164,2380043.20207164
2021-07-30,2362814.323210622,2362814.323210622,2362814.323210622,2362814.323210622
2021-09-01,2345509.6638354296,2345509.6638354296,2345509.6638354296,2345509.6638354296
2021-09-02,2326808.4702831344,2326808.4702831344,2326808.4702831344,2326808.4702831344
2021-09-03,2334429.2739507044,2334429.2739507044,2334429.2739507044,2334429.2739507044
2021-09-06,2305019.2207548823,2305019.2207548823,2305019.2207548823,2305019.2207548823
2021-09-07,2325923.08667998,2325923.08667998,2325923.08667998,2325923.08667998
2021-09-08,2305863.755134605,2305863.755134605,2305863.755134605,2305863.755134605
2021-09-09,2295034.9850672763,2295034.9850672763,2295034.9850672763,2295034.9850672763
2021-09-10,2323895.1667508376,2323895.1667508376,2323895.1667508376,2323895.1667508376
2021-09-13,2325423.3945183274,2325423.3945183274,2325423.3945183274,2325423.3945183274
2021-09-14,2315667.4789517,2315667.4789517,2315667.4789517,2315667.4789517
2021-09-15,2318902.2496502814,2318902.2496502814,2318902.2496502814,2318902.2496502814
2021-09-16,2312443.968363106,2312443.968363106,2312443.968363106,2312443.968363106
2021-09-17,2311812.524635284,2311812.524635284,2311812.524635284,2311812.524635284
2021-09-22,2277042.6137290425,2277042.6137290425,2277042.6137290425,2277042.6137290425
2021-09-23,2306797.5716647645,2306797.5716647645,2306797.5716647645,2306797.5716647645
2021-09-24,2328875.5144023616,2328875.5144023616,2328875.5144023616,2328875.5144023616
2021-09-27,2335593.425620728,2335593.425620728,2335593.425620728,2335593.425620728
2021-09-28,2318130.676899281,2318130.676899281,2318130.676899281,2318130.676899281
2021-09-29,2275584.4859811654,2275584.4859811654,2275584.4859811654,2275584.4859811654
2021-09-30,2295441.230631941,2295441.230631941,2295441.230631941,2295441.230631941
2021-10-01,2245404.737735025,2245404.737735025,2245404.737735025,2245404.737735025
2021-10-04,2195212.4151920616,2195212.4151920616,2195212.4151920616,2195212.4151920616
2021-10-05,2186102.2541286526,2186102.2541286526,2186102.2541286526,2186102.2541286526
2021-10-06,2169027.7497960054,2169027.7497960054,2169027.7497960054,2169027.7497960054
2021-10-07,2211355.002734513,2211355.002734513,2211355.002734513,2211355.002734513
2021-10-08,2200449.128760139,2200449.128760139,2200449.128760139,2200449.128760139
2021-10-12,2162133.924403007,2162133.924403007,2162133.924403007,2162133.924403007
2021-10-13,2149795.4641290787,2149795.4641290787,2149795.4641290787,2149795.4641290787
2021-10-14,2174605.4574262514,2174605.4574262514,2174605.4574262514,2174605.4574262514
2021-10-15,2204302.8926822105,2204302.8926822105,2204302.8926822105,2204302.8926822105
2021-10-18,2205941.91891677,2205941.91891677,2205941.91891677,2205941.91891677
2021-10-19,2227600.0633279304,2227600.0633279304,2227600.0633279304,2227600.0633279304
2021-10-20,2229730.961296858,2229730.961296858,2229730.961296858,2229730.961296858
2021-10-21,2231831.744231338,2231831.744231338,2231831.744231338,2231831.744231338
2021-10-22,2221851.3872134,2221851.3872134,2221851.3872134,2221851.3872134
2021-10-25,2234065.120787374,2234065.120787374,2234065.120787374,2234065.120787374
2021-10-26,2244626.272595508,2244626.272595508,2244626.272595508,2244626.272595508
2021-10-27,2247399.703283636,2247399.703283636,2247399.703283636,2247399.703283636
2021-10-28,2272186.6171053,2272186.6171053,2272186.6171053,2272186.6171053
2021-10-29,2272320.0984271825,2272320.0984271825,2272320.0984271825,2272320.0984271825
2021-12-01,2299482.9175494057,2299482.9175494057,2299482.9175494057,2299482.9175494057
2021-12-02,2326678.0413390985,2326678.0413390985,2326678.0413390985,2326678.0413390985
2021-12-03,2333868.489500387,2333868.489500387,2333868.489500387,2333868.489500387
2021-12-06,2364996.1929065925,2364996.1929065925,2364996.1929065925,2364996.1929065925
2021-12-07,2397694.2092608954,2397694.2092608954,2397694.2092608954,2397694.2092608954
2021-12-08,2432142.5298743253,2432142.5298743253,2432142.5298743253,2432142.5298743253
2021-12-09,2445243.572374343,2445243.572374343,2445243.572374343,2445243.572374343
2021-12-10,2433113.8764562765,2433113.8764562765,2433113.8764562765,2433113.8764562765
2021-12-13,2416505.139377578,2416505.139377578,2416505.139377578,2416505.139377578
2021-12-14,2372283.1136025824,2372283.1136025824,2372283.1136025824,2372283.1136025824
2021-12-15,2396451.745926684,2396451.745926684,2396451.745926684,2396451.745926684
2021-12-16,2409984.4779277816,2409984.4779277816,2409984.4779277816,2409984.4779277816
2021-12-17,2415554.220619176,2415554.220619176,2415554.220619176,2415554.220619176
2021-12-20,2409819.5829499247,2409819.5829499247,2409819.5829499247,2409819.5829499247
2021-12-21,2432405.893992561,2432405.893992561,2432405.893992561,2432405.893992561
2021-12-22,2430334.363875012,2430334.363875012,2430334.363875012,2430334.363875012
2021-12-23,2430200.2652657474,2430200.2652657474,2430200.2652657474,2430200.2652657474
2021-12-24,2431420.646892628,2431420.646892628,2431420.646892628,2431420.646892628
2021-12-27,2437446.588142343,2437446.588142343,2437446.588142343,2437446.588142343
2021-12-28,2459493.1668393,2459493.1668393,2459493.1668393,2459493.1668393
2021-12-29,2468989.330978534,2468989.330978534,2468989.330978534,2468989.330978534
2021-12-30,2474421.929894231,2474421.929894231,2474421.929894231,2474421.929894231
2022-04-01,2470828.434062157,2470421.981977108,2470421.981977108,2470421.981977108
2022-04-06,2469732.497148945,2469332.1661895216,2469332.1661895216,2469332.1661895216
2022-04-07,2416249.873943894,2415503.299294242,2415503.299294242,2415503.299294242
2022-04-08,2444116.533036397,2443383.8036009534,2443383.8036009534,2443383.8036009534
2022-04-11,2420704.3599396897,2419439.257498387,2419439.257498387,2419439.257498387
2022-04-12,2415416.9707363383,2414665.7948170886,2414665.7948170886,2414665.7948170886
2022-04-13,2464172.075002925,2463047.171448925,2463047.171448925,2463047.171448925
2022-04-14,2463299.4547369634,2463504.292146023,2463504.292146023,2463504.292146023
2022-04-15,2440123.504364924,2439830.5570481573,2439830.5570481573,2439830.5570481573
2022-04-18,2412134.6696799896,2411853.47516202,2411853.47516202,2411853.47516202
2022-04-19,2425663.491667847,2425437.2707753475,2425437.2707753475,2425437.2707753475
2022-04-20,2448180.9232605672,2447642.521560467,2447642.521560467,2447642.521560467
2022-04-21,2461014.308374359,2462279.9281557943,2462279.9281557943,2462279.9281557943
2022-04-22,2458417.240419436,2459132.0140869496,2459132.0140869496,2459132.0140869496
2022-04-25,2399524.434469631,2399780.210169421,2399780.210169421,2399780.210169421
2022-04-26,2396856.4214918646,2396270.020105838,2396270.020105838,2396270.020105838
2022-04-27,2364627.2568908706,2364298.482504601,2364298.482504601,2364298.482504601
2022-04-28,2379337.94853724,2378888.500741265,2378888.500741265,2378888.500741265
2022-04-29,2412413.594748068,2412129.6789269624,2412129.6789269624,2412129.6789269624
2022-06-01,2400435.517715155,2400148.9572146023,2400148.9572146023,2400148.9572146023
2022-06-02,2392889.111670738,2392971.357601784,2392971.357601784,2392971.357601784
2022-06-06,2395210.9181011305,2395048.51407656,2395048.51407656,2395048.51407656
2022-06-07,2385903.7994620837,2385085.587744696,2385085.587744696,2385085.587744696
2022-06-08,2400432.9700829764,2399825.850902513,2399825.850902513,2399825.850902513
2022-06-09,2396141.458686572,2395315.586298136,2395315.586298136,2395315.586298136
2022-06-10,2385614.776478435,2383809.0201973766,2383809.0201973766,2383809.0201973766
2022-06-13,2328473.058647289,2326440.4588432726,2326440.4588432726,2326440.4588432726
2022-06-14,2329309.7090435494,2326916.443255973,2326916.443255973,2326916.443255973
2022-06-15,2325754.284749934,2323121.496985982,2323121.496985982,2323121.496985982
2022-06-16,2310803.789524657,2307339.517716754,2307339.517716754,2307339.517716754
2022-06-17,2286740.791942144,2282085.2934935777,2282085.2934935777,2282085.2934935777
2022-06-20,2228297.905481039,2223328.089574911,2223328.089574911,2223328.089574911
2022-06-21,2300510.8121881275,2296137.7060153387,2296137.7060153387,2296137.7060153387
2022-06-22,2245563.279318725,2241071.4136687056,2241071.4136687056,2241071.4136687056
2022-06-23,2226602.1053905697,2219546.1490350696,2219546.1490350696,2219546.1490350696
2022-06-24,2249501.2300319304,2242633.6342431987,2242633.6342431987,2242633.6342431987
2022-06-27,2276628.318340164,2271668.749881912,2271668.749881912,2271668.749881912
2022-06-28,2258448.605713106,2253008.8886895967,2253008.8886895967,2253008.8886895967
2022-06-29,2235803.962403797,2229979.3087842115,2229979.3087842115,2229979.3087842115
2022-06-30,2184011.5866929074,2178117.358738384,2178117.358738384,2178117.358738384
2022-07-01,2117512.4111605543,2110804.62357756,2110804.62357756,2110804.62357756
2022-07-04,2104633.869480646,2098165.464578283,2098165.464578283,2098165.464578283
2022-07-05,2147805.884571861,2141367.3569521173,2141367.3569521173,2141367.3569521173
2022-07-06,2097019.6119113176,2090665.1030636989,2090665.1030636989,2090665.1030636989
2022-07-07,2137873.739622012,2132187.0611238205,2132187.0611238205,2132187.0611238205
2022-07-08,2160371.3750781505,2154400.777510264,2154400.777510264,2154400.777510264
2022-07-11,2165061.584713694,2158163.2835584125,2158163.2835584125,2158163.2835584125
2022-07-12,2089697.0722854624,2082709.0787430776,2082709.0787430776,2082709.0787430776
2022-07-13,2143223.200498274,2136032.094784989,2136032.094784989,2136032.094784989
2022-07-14,2168113.067340585,2160936.4720325214,2160936.4720325214,2160936.4720325214
2022-07-15,2156059.809788496,2149184.434145982,2149184.434145982,2149184.434145982
2022-07-18,2188849.0826815357,2182112.719742438,2182112.719742438,2182112.719742438
2022-07-19,2204660.144173471,2197898.2998988098,2197898.2998988098,2197898.2998988098
2022-07-20,2211557.936486327,2204804.827610223,2204804.827610223,2204804.827610223
2022-07-21,2260819.0930844345,2253781.6741301874,2253781.6741301874,2253781.6741301874
2022-07-22,2268480.572424858,2261306.013688565,2261306.013688565,2261306.013688565
2022-07-25,2264782.515591527,2257237.904121368,2257237.904121368,2257237.904121368
2022-07-26,2244905.04722073,2236924.9400925688,2236924.9400925688,2236924.9400925688
2022-07-27,2266961.1553936,2258919.674504937,2258919.674504937,2258919.674504937
2022-07-28,2271968.37196926,2263341.1694575488,2263341.1694575488,2263341.1694575488
2022-07-29,2291232.7569255275,2282982.5895535955,2282982.5895535955,2282982.5895535955
2022-09-01,2258113.9860324706,2250480.6715838625,2250480.6715838625,2250480.6715838625
2022-09-02,2226694.322004903,2216784.785842774,2216784.785842774,2216784.785842774
2022-09-05,2224324.266929187,2213501.725953493,2213501.725953493,2213501.725953493
2022-09-06,2217907.1655447027,2207052.8842623923,2207052.8842623923,2207052.8842623923
2022-09-07,2190287.9476440893,2179815.619805065,2179815.619805065,2179815.619805065
2022-09-08,2218865.425344987,2208082.868238023,2208082.868238023,2208082.868238023
2022-09-12,2248551.3787856945,2238666.9586691167,2238666.9586691167,2238666.9586691167
2022-09-13,2246300.543545524,2236589.212582936,2236589.212582936,2236589.212582936
2022-09-14,2220241.395942917,2211558.900799968,2211558.900799968,2211558.900799968
2022-09-15,2219348.233389515,2210838.9921407583,2210838.9921407583,2210838.9921407583
2022-09-16,2202448.163359414,2195092.520226766,2195092.520226766,2195092.520226766
2022-09-19,2168715.11419442,2157973.073354785,2157973.073354785,2157973.073354785
2022-09-20,2177443.129346233,2166837.1568986443,2166837.1568986443,2166837.1568986443
2022-09-21,2159293.631632536,2150052.8486053105,2150052.8486053105,2150052.8486053105
2022-09-22,2142464.8956038067,2132902.541076073,2132902.541076073,2132902.541076073
2022-09-23,2114353.495246625,2104487.5017038547,2104487.5017038547,2104487.5017038547
2022-09-26,2047098.2410990768,2035894.7223138784,2035894.7223138784,2035894.7223138784
2022-09-27,2049903.4214842,2039652.2443768603,2039652.2443768603,2039652.2443768603
2022-09-28,1968971.4901308136,1956910.1078942728,1956910.1078942728,1956910.1078942728
2022-09-29,1993935.730976828,1981972.6458753785,1981972.6458753785,1981972.6458753785
2022-09-30,1990012.3339972172,1979196.3700902308,1979196.3700902308,1979196.3700902308
2022-10-03,1970948.096610856,1960423.8059449052,1960423.8059449052,1960423.8059449052
2022-10-04,2007438.4405591437,1996594.5176627852,1996594.5176627852,1996594.5176627852
2022-10-05,2036479.4881992696,2025193.8192405824,2025193.8192405824,2025193.8192405824
2022-10-06,2047826.049538971,2036770.73535168,2036770.73535168,2036770.73535168
2022-10-07,2030082.8363774824,2019151.6830675288,2019151.6830675288,2019151.6830675288
2022-10-11,1966063.0652600229,1955203.2554541768,1955203.2554541768,1955203.2554541768
2022-10-12,1968825.3493334923,1957428.306096536,1957428.306096536,1957428.306096536
2022-10-13,1906264.8283211228,1893768.0277369665,1893768.0277369665,1893768.0277369665
2022-10-14,1944659.2652733044,1932736.415647722,1932736.415647722,1932736.415647722
2022-10-17,1918621.212450412,1906436.3074102604,1906436.3074102604,1906436.3074102604
2022-10-18,1933474.4625267072,1921476.0331381897,1921476.0331381897,1921476.0331381897
2022-10-19,1921948.3302418375,1909826.3375306013,1909826.3375306013,1909826.3375306013
2022-10-20,1900685.5356210568,1888091.5399289231,1888091.5399289231,1888091.5399289231
2022-10-21,1876119.5969541129,1862568.019978607,1862568.019978607,1862568.019978607
2022-10-24,1893070.7632751064,1879977.041640345,1879977.041640345,1879977.041640345
2022-10-25,1877451.6639836668,1864240.242692937,1864240.242692937,1864240.242692937
2022-10-26,1882889.381157226,1869539.9763747568,1869539.9763747568,1869539.9763747568
2022-10-27,1920540.0048446143,1907867.103935032,1907867.103935032,1907867.103935032
2022-10-28,1897320.4940635464,1883902.411069451,1883902.411069451,1883902.411069451
2022-10-31,1909593.7995496315,1896257.2783388605,1896257.2783388605,1896257.2783388605
2022-11-01,1923456.7620012148,1908803.682156596,1908803.682156596,1908803.682156596
2022-11-02,1939540.2178561508,1923814.8661513948,1923814.8661513948,1923814.8661513948
2022-11-03,1927992.8351200067,1912425.670587557,1912425.670587557,1912425.670587557
2022-11-04,1959639.3081472,1944740.3260139208,1944740.3260139208,1944740.3260139208
2022-11-07,1985171.3065040165,1969352.967132216,1969352.967132216,1969352.967132216
2022-11-08,2003833.7585044887,1986946.171742452,1986946.171742452,1986946.171742452
2022-11-09,2041273.6483268212,2023483.369321448,2023483.369321448,2023483.369321448
2022-11-10,2045037.602446056,2024953.732255142,2024953.732255142,2024953.732255142
2022-11-11,2106990.7780026365,2083129.6000387105,2083129.6000387105,2083129.6000387105
2022-11-14,2139103.7270104694,2115460.406394796,2115460.406394796,2115460.406394796
2022-11-15,2152574.790203505,2128170.4453952573,2128170.4453952573,2128170.4453952573
2022-11-16,2169376.925257306,2142956.6070527784,2142956.6070527784,2142956.6070527784
2022-11-17,2168372.8418939062,2141601.5528083853,2141601.5528083853,2141601.5528083853
2022-11-18,2164221.712569088,2135685.24015713,2135685.24015713,2135685.24015713
2022-11-21,2169823.735231668,2140091.674729001,2140091.674729001,2140091.674729001
2022-11-22,2161786.467170557,2133414.20252648,2133414.20252648,2133414.20252648
2022-11-23,2191975.0214007483,2161524.305784139,2161524.305784139,2161524.305784139
2022-11-24,2215796.9733923525,2185063.5160721377,2185063.5160721377,2185063.5160721377
2022-11-25,2194213.918469473,2164850.9661331945,2164850.9661331945,2164850.9661331945
2022-11-28,2180124.60100354,2149569.912280668,2149569.912280668,2149569.912280668
2022-11-29,2214461.7038317337,2185570.5729914885,2185570.5729914885,2185570.5729914885
2022-11-30,2240631.7256197706,2210784.038011487,2210784.038011487,2210784.038011487
2022-12-01,2248337.263029887,2219194.170163237,2219194.170163237,2219194.170163237
2022-12-02,2241247.085029342,2211802.739272443,2211802.739272443,2211802.739272443
2022-12-05,2254355.644100148,2225118.862194604,2225118.862194604,2225118.862194604
2022-12-06,2220598.635809808,2190349.604450304,2190349.604450304,2190349.604450304
2022-12-07,2209312.601027404,2178056.935161632,2178056.935161632,2178056.935161632
2022-12-08,2195698.836102124,2164050.545841474,2164050.545841474,2164050.545841474
2022-12-09,2218042.377118874,2185856.90005517,2185856.90005517,2185856.90005517
2022-12-12,2204542.3913315367,2172066.565543079,2172066.565543079,2172066.565543079
2022-12-13,2198785.865075109,2166302.972705532,2166302.972705532,2166302.972705532
2022-12-14,2220651.7817357667,2187973.835787786,2187973.835787786,2187973.835787786
2022-12-15,2214678.946969264,2181423.7682882426,2181423.7682882426,2181423.7682882426
2022-12-16,2211386.105723305,2177625.2823267663,2177625.2823267663,2177625.2823267663
2022-12-19,2195468.854699664,2161725.268255647,2161725.268255647,2161725.268255647
2022-12-20,2156968.720400362,2122658.545692695,2122658.545692695,2122658.545692695
2022-12-21,2173748.3833932457,2139344.8507659584,2139344.8507659584,2139344.8507659584
2022-12-22,2223554.0840888624,2189195.360612303,2189195.360612303,2189195.360612303
2022-12-23,2202187.2815800607,2167648.634267011,2167648.634267011,2167648.634267011
2022-12-26,2205396.9356274544,2171141.7184612337,2171141.7184612337,2171141.7184612337
2022-12-27,2212447.267435837,2178681.438492733,2178681.438492733,2178681.438492733
2022-12-28,2179992.58753843,2145627.58165418,2145627.58165418,2145627.58165418
2022-12-29,2172166.6751560806,2137826.1786188665,2137826.1786188665,2137826.1786188665
2022-12-30,2174616.408571505,2140623.814670329,2140623.814670329,2140623.814670329
2023-02-01,2189669.414175639,2154862.9476241213,2154893.568290007,2154893.568290007
2023-02-02,2219255.762243883,2183035.052372009,2183336.9089097134,2183336.9089097134
2023-02-03,2218856.2105265204,2182141.10461374,2182443.187171308,2182443.187171308
2023-02-06,2201067.0156971007,2164781.3964195023,2165364.6118208207,2165364.6118208207
2023-02-07,2209061.4535941146,2173172.7015051194,2173731.730213526,2173731.730213526
2023-02-08,2227056.4598662145,2191090.432342652,2191533.753620039,2191533.753620039
2023-02-09,2217423.7015365367,2181462.1125675896,2181930.3704718486,2181930.3704718486
2023-02-10,2202117.3579984657,2167064.41149112,2167433.1787026664,2167433.1787026664
2023-02-13,2188144.6517345123,2153526.2725862,2153765.844784907,2153765.844784907
2023-02-14,2212383.176924801,2176728.71985435,2176920.161636311,2176920.161636311
2023-02-15,2197254.0623215623,2162074.3800092586,2162270.13037657,2162270.13037657
2023-02-16,2217655.228822105,2181995.6628968576,2182256.861011628,2182256.861011628
2023-02-17,2217383.9520536684,2181881.257077066,2182176.966178853,2182176.966178853
2023-02-20,2230672.9117335286,2195316.4735019845,2195536.679314458,2195536.679314458
2023-02-21,2236575.826659381,2200263.4202697934,2200450.2924569566,2200450.2924569566
2023-02-22,2212053.695465757,2176398.3242726848,2176384.0744860303,2176384.0744860303
2023-02-23,2246412.6223890893,2208999.752691767,2209382.3592883293,2209382.3592883293
2023-02-24,2244325.657406972,2206097.470744022,2206843.560412768,2206843.560412768
2023-04-06,2240144.071543532,2202254.764808683,2203303.770478166,2203303.770478166
2023-04-07,2247466.995943335,2209880.1841189703,2210977.896339076,2210977.896339076
2023-04-10,2260567.106327056,2219033.160032233,2220746.9713021843,2220746.9713021843
2023-04-11,2269611.3840688244,2227399.351575667,2228836.424322496,2228836.424322496
2023-04-12,2279979.636115288,2237421.2499352284,2238954.3116693404,2238954.3116693404
2023-04-13,2282290.3882769262,2241729.298672836,2243420.396208857,2243420.396208857
2023-04-14,2298232.842558426,2257410.9134336584,2259775.3109787814,2259775.3109787814
2023-04-17,2297589.662095405,2256715.3793343077,2259226.1968025886,2259226.1968025886
2023-04-18,2279149.6082273056,2239085.2743358733,2241267.521338509,2241267.521338509
2023-04-19,2279997.2820052686,2239068.5130886068,2241819.6047096625,2241819.6047096625
2023-04-20,2266279.639385148,2225265.442832908,2227635.27062924,2227635.27062924
2023-04-21,2234761.1796833244,2194277.918129136,2195511.8114692178,2195511.8114692178
2023-04-24,2252592.5153856785,2210599.858637213,2212292.127126776,2212292.127126776
2023-04-25,2212163.434715225,2172815.486577301,2173776.285011297,2173776.285011297
2023-04-26,2213250.031233401,2172288.444481288,2173478.0908675715,2173478.0908675715
2023-04-27,2221684.4200233934,2179595.5932969484,2180937.024040065,2180937.024040065
2023-04-28,2244265.0347527885,2201865.693043474,2203186.144209847,2203186.144209847
2023-06-01,2253162.073508089,2208861.494848764,2210288.2777245776,2210288.2777245776
2023-06-02,2283456.673700345,2236500.8713585264,2237393.126476149,2237393.126476149
2023-06-05,2282661.5694999606,2236851.6153107374,2238448.2888703663,2238448.2888703663
2023-06-06,2296114.1871391246,2250095.5568329208,2251596.428248484,2251596.428248484
2023-06-07,2313385.22036046,2266048.836548271,2265107.880400891,2265107.880400891
2023-06-08,2294619.0292122816,2249952.1540447567,2251005.093014585,2251005.093014585
2023-06-09,2339677.111055372,2287542.516488923,2284129.6972036823,2284129.6972036823
2023-06-12,2324064.631038192,2274394.7723957705,2272150.9016363737,2272150.9016363737
2023-06-13,2356871.7033072407,2302000.875449348,2296034.933854754,2296034.933854754
2023-06-14,2391765.9350115824,2331082.2352660988,2323592.9400991327,2323592.9400991327
2023-06-15,2421918.4909422155,2355003.828892678,2344128.1516518192,2344128.1516518192
2023-06-16,2428685.281136828,2362282.6180343,2351231.404839379,2351231.404839379
2023-06-19,2429989.5016160314,2363349.3689192845,2351540.1231836923,2351540.1231836923
2023-06-20,2410738.3349788226,2346544.1940058684,2336582.77244022,2336582.77244022
2023-06-21,2435641.735612823,2364840.43006843,2352036.52799484,2352036.52799484
2023-06-26,2425618.440889074,2356772.655758368,2345530.8900577268,2345530.8900577268
2023-06-27,2392597.999643502,2330193.8992924807,2321251.689395203,2321251.689395203
2023-06-28,2411082.94982406,2347016.0561497514,2336816.5757449702,2336816.5757449702
2023-06-29,2428797.301861825,2360106.3636344923,2349094.992583765,2349094.992583765
2023-06-30,2459311.856681844,2384100.535603154,2371433.58730918,2371433.58730918
2023-07-03,2523526.2782453503,2442803.95138423,2423339.327584488,2423339.327584488
2023-07-04,2592948.214106661,2501690.948309228,2470871.90986223,2470871.90986223
2023-07-05,2585989.8377773124,2494662.4175074114,2464570.30277774,2464570.30277774
2023-07-06,2567280.0668959883,2468695.906854325,2440754.3381061764,2440754.3381061764
2023-07-07,2563707.949036993,2457967.007770399,2435046.79532229,2435046.79532229
2023-07-10,2543736.8552280744,2443063.888697067,2416996.515856098,2416996.515856098
2023-07-11,2627104.7455578926,2512124.961551945,2475481.611937925,2475481.611937925
2023-07-12,2697781.591404241,2571504.660352776,2518574.573456651,2518574.573456651
2023-07-13,2729492.9594201217,2591518.6280232854,2529603.256332106,2529603.256332106
2023-07-14,2792366.0198424617,2640800.968503717,2577429.214599672,2577429.214599672
2023-07-17,2794050.4633634,2647540.5298603037,2587415.9755414394,2587415.9755414394
2023-07-18,2775827.336365395,2642696.235670418,2577209.868798173,2577209.868798173
2023-07-19,2741635.7071076343,2616777.993640442,2554763.898245256,2554763.898245256
2023-07-20,2808778.4183143303,2677741.040377226,2604242.213476408,2604242.213476408
2023-07-21,2876161.559626525,2728883.1411059606,2640489.3741906206,2640489.3741906206
2023-07-24,2937117.8663086337,2787026.789135465,2677154.226077897,2677154.226077897
2023-07-25,2928621.1221960704,2789078.8477993235,2680443.294598973,2680443.294598973
2023-07-26,2958667.247903685,2818468.346705176,2700732.3452979773,2700732.3452979773
2023-07-27,2953320.1827196395,2815157.2221875256,2702623.693731801,2702623.693731801
2023-07-28,2984368.543100775,2850668.4300325643,2728372.604879292,2728372.604879292
2023-07-31,2873632.684494432,2751833.210326504,2650262.5468535707,2650262.5468535707
2023-08-01,2892996.956395877,2770352.045694599,2667230.7815022147,2667230.7815022147
2023-08-02,2828865.388375376,2708401.955541439,2606874.3490095013,2606874.3490095013
2023-08-04,2837669.739397563,2718896.557456572,2616369.367112794,2616369.367112794
2023-08-07,2860601.0328955334,2741145.338094168,2637817.363542184,2637817.363542184
2023-08-08,2856428.897690768,2735785.490567175,2633731.861905499,2633731.861905499
2023-08-09,2849885.9007822885,2729340.120834809,2626868.080583955,2626868.080583955
2023-08-10,2811900.320725477,2691855.230711768,2590806.8756610923,2590806.8756610923
2023-08-11,2825089.5295551857,2705961.4971264903,2603906.364498629,2603906.364498629
2023-08-14,2788641.466198808,2672576.2000372293,2570136.716278915,2570136.716278915
2023-08-15,2802668.5084991683,2685172.8742379923,2582943.494734917,2582943.494734917
2023-08-16,2804129.814930519,2687386.17048079,2585780.671781652,2585780.671781652
2023-08-17,2801529.357848008,2684762.3042732235,2582783.337793175,2582783.337793175
2023-08-18,2781913.032234688,2666290.540917065,2565164.202728442,2565164.202728442
2023-08-21,2783802.9813868706,2667412.741556717,2566755.850578038,2566755.850578038
2023-08-22,2792372.453110531,2675139.895015989,2574257.338923323,2574257.338923323
2023-08-23,2802189.241413459,2683008.894300535,2581853.380900612,2581853.380900612
2023-08-24,2814518.466270325,2694003.9799341457,2591624.9763311897,2591624.9763311897
2023-08-25,2778814.476229657,2660224.29899922,2558685.2193804337,2558685.2193804337
2023-08-28,2781361.4695934667,2662677.9677974246,2560939.713508796,2560939.713508796
2023-08-29,2801122.714321706,2682572.678674735,2580154.8880665945,2580154.8880665945
2023-08-30,2836074.31432377,2716404.31508838,2613691.8958862266,2613691.8958862266
2023-08-31,2835809.424260853,2716070.3527877275,2612302.266383772,2612302.266383772
2023-09-01,2836371.241393728,2716342.9939429974,2610127.119837797,2610127.119837797
2023-09-04,2848646.076622906,2728172.4952151105,2623132.704339871,2623132.704339871
2023-09-05,2844196.5530425743,2724360.2821102384,2619526.397654155,2619526.397654155
2023-09-06,2833419.8123822752,2714259.836606758,2610384.381223296,2610384.381223296
2023-09-07,2818431.109653465,2699947.0665015117,2595889.536728381,2595889.536728381
2023-09-08,2815371.4899942637,2696907.1621641982,2592276.559662447,2592276.559662447
2023-09-11,2788462.160964867,2670664.9681468727,2565417.582924529,2565417.582924529
2023-09-12,2796877.6004733173,2677956.673377169,2572456.113556405,2572456.113556405
2023-09-13,2817617.6280238,2698547.989187281,2591538.270886319,2591538.270886319
2023-09-14,2853694.251355859,2733196.911195929,2626013.453801586,2626013.453801586
2023-09-15,2873671.7108593327,2752315.955478396,2644531.2110776943,2644531.2110776943
2023-09-18,2846191.408800444,2725248.36307056,2617453.7840962308,2617453.7840962308
2023-09-19,2834775.3365088003,2714307.3409342263,2606019.0892139007,2606019.0892139007
2023-09-20,2825515.8132012123,2705626.893430912,2598037.240592013,2598037.240592013
2023-09-21,2789890.0740738087,2671821.438581515,2566338.298967794,2566338.298967794
2023-09-22,2797906.895069699,2680257.9724746267,2575183.353363192,2575183.353363192
2023-09-25,2811862.717299853,2693386.5005443506,2587684.560762925,2587684.560762925
2023-09-26,2780368.120531868,2663386.5952672283,2558595.1670311666,2558595.1670311666
2023-09-27,2794021.9289450366,2676707.8525147503,2571905.554122356,2571905.554122356
2023-09-28,2793435.8013214767,2676765.1326698195,2572040.2450492647,2572040.2450492647
2023-11-01,2810413.789072737,2693020.5457707057,2587763.0908920257,2587763.0908920257
2023-11-02,2858203.4841570207,2738665.618710561,2631270.036406936,2631270.036406936
2023-11-03,2894784.774634986,2771562.4690976217,2664258.8040521457,2664258.8040521457
2023-11-06,2931230.30836194,2805069.8393819057,2697231.569483838,2697231.569483838
2023-11-07,2934784.9350044085,2808143.1663946514,2699801.1638331995,2699801.1638331995
2023-11-08,2938556.8797801663,2813604.086487188,2703147.4930535187,2703147.4930535187
2023-11-09,2950566.4132929198,2824666.137041968,2714161.061410148,2714161.061410148
2023-11-10,2921376.912325324,2797234.4540545503,2687400.01590683,2687400.01590683
2023-11-13,2934346.644993362,2809261.5389054804,2698385.185487865,2698385.185487865
2023-11-14,2941132.0294770584,2815502.9185401946,2704749.129022356,2704749.129022356
2023-11-15,2980293.449386198,2852691.817049731,2740975.6823773324,2740975.6823773324
2023-11-16,2979504.9019659213,2852072.0701110214,2740842.768118456,2740842.768118456
2023-11-17,2981859.8026543856,2854697.9506992623,2742994.834496289,2742994.834496289
2023-11-20,2981692.9312328827,2854903.42412016,2742862.064699619,2742862.064699619
2023-11-21,3005233.45072204,2878093.762309014,2764489.11194627,2764489.11194627
2023-11-22,2985860.3253780566,2858776.8794261827,2746721.957856149,2746721.957856149
2023-11-23,2990938.3593113003,2862215.445239253,2751670.2196099134,2751670.2196099134
2023-11-24,2980444.8419522634,2853422.4487969805,2742199.209418131,2742199.209418131
2023-11-27,2963656.317880366,2837116.5904250387,2727035.254843679,2727035.254843679
2023-11-28,2986940.628190352,2859351.863481693,2748272.8459105785,2748272.8459105785
2023-11-29,2988743.2940400857,2860706.225294213,2749220.883530515,2749220.883530515
2023-11-30,2991134.936510409,2863184.649577529,2751712.769515455,2751712.769515455
2023-12-01,2999034.693954345,2870418.6017427114,2757996.4712285446,2757996.4712285446
2023-12-04,3023093.548523891,2893460.576096353,2778175.579076156,2778175.579076156
2023-12-05,2996772.1824547453,2867716.3567612343,2752950.884739428,2752950.884739428
2023-12-06,2996813.857642279,2867266.8654350303,2753107.14062891,2753107.14062891
2023-12-07,2985476.561900354,2855689.3636425827,2742904.709294563,2742904.709294563
2023-12-08,3004061.956013578,2873069.641328343,2759376.4552522874,2759376.4552522874
2023-12-11,2996595.692095218,2866067.314616154,2751739.593134867,2751739.593134867
2023-12-12,2998679.5721039176,2868343.786809006,2753446.7090110686,2753446.7090110686
2023-12-13,2997404.2998224567,2867179.396327596,2752699.7036670805,2752699.7036670805
2023-12-14,3020108.4527965463,2889120.826406456,2774077.872681923,2774077.872681923
2023-12-15,3034299.253551464,2902674.4497662154,2785873.491019323,2785873.491019323
2023-12-18,3053873.999130884,2921273.998194034,2802895.297670412,2802895.297670412
2023-12-19,3039073.6385738305,2906939.533941882,2788847.322858121,2788847.322858121
2023-12-20,3067334.9382814723,2932836.773872213,2814401.4149464327,2814401.4149464327
2023-12-21,3088957.870704144,2951728.370787173,2832121.316522152,2832121.316522152
2023-12-22,3103889.512557161,2964818.160838269,2844059.3349673925,2844059.3349673925
2023-12-25,3082309.1221327605,2944356.9530990003,2825921.9723507804,2825921.9723507804
2023-12-26,3105856.49429723,2967427.7543971865,2847692.912426477,2847692.912426477
2023-12-27,3128354.624380307,2989160.520352827,2867591.018064028,2867591.018064028
2023-12-28,3120592.046534628,2981667.483219942,2861138.7861295827,2861138.7861295827
2023-12-29,3128546.2292808453,2989230.4541222444,2869306.761753848,2869306.761753848
2024-02-01,3144814.4075719444,3006647.219661896,2886359.01370168,2886437.122754489
2024-02-02,3142135.421592021,3002670.454452129,2883190.228066126,2883485.5275680986
2024-02-05,3149420.965286063,3008479.412402027,2889351.7217139425,2889772.8282271423
2024-02-15,3180498.8189045293,3035844.931715586,2915790.934657511,2916432.0931552406
2024-02-16,3175565.418819616,3032286.136442997,2911645.8483777978,2912262.8039079546
2024-02-19,3194974.92829574,3052457.334459228,2930346.57258338,2930770.679276454
2024-02-20,3210127.044795666,3067163.1573362304,2943730.6654030434,2944128.961143466
2024-02-21,3190500.8055500253,3048911.081360811,2925731.44853704,2926060.1579168127
2024-02-22,3208651.98433892,3066205.3214233834,2941762.0265599648,2942095.7138330955
2024-02-23,3208085.426049571,3063483.8465792662,2938505.0894419914,2938622.614063876
2024-02-26,3225988.1506027784,3079876.439377121,2954641.0090884194,2954772.579479472
2024-02-27,3200466.667275144,3056296.7667080746,2931136.873234941,2931104.3434093045
2024-02-29,3243096.889147694,3096482.502376816,2969998.0244028345,2970139.786851615
2024-03-01,3231000.03812479,3085446.81349045,2959470.548714199,2960348.396474133
2024-03-04,3246207.079350545,3099288.2749041184,2972266.009635801,2972535.1684953347
2024-03-05,3263352.5716522457,3115852.136674948,2987955.588188901,2988669.004738413
2024-03-06,3267667.4466468734,3119745.618987631,2991392.2556388155,2991764.3554015555
2024-03-07,3298414.041790181,3147504.0783651844,3017938.554753499,3017433.8336096345
2024-03-08,3284507.06722208,3134123.219863884,3004325.2193671297,3003770.784130724
2024-03-11,3287375.8418358406,3137925.6936631952,3007674.2170637,3007740.927089417
2024-03-12,3329452.837367897,3177839.241696257,3045462.898215698,3045649.554377812
2024-03-13,3311014.091309515,3160076.464171605,3028222.216780804,3027811.1169810644
2024-03-14,3290715.322431171,3140878.245385175,3009815.146348734,3009605.4608150166
2024-03-15,3273537.1597753027,3124879.6497280817,2993892.516202217,2994258.4084599684
2024-03-18,3275131.3803413142,3125488.7228086246,2993233.2177572222,2993073.393416054
2024-03-19,3286039.907940539,3136073.039044247,3003552.6801580964,3003566.51799837
2024-03-20,3267721.095925807,3118284.5626118947,2986866.0712450426,2986782.139150066
2024-03-21,3309542.208291372,3158018.381037429,3024665.7083595186,3024640.393245669
2024-03-22,3308362.533142018,3157037.108255064,3023590.3069867957,3023980.561909406
2024-03-25,3301716.731380096,3150733.665884432,3017864.101747469,3018180.94713317
2024-03-26,3287864.88947851,3137912.9928812133,3005453.580311053,3005462.984315608
2024-03-27,3313752.063710697,3162218.037427788,3028693.841995939,3028358.4856659733
2024-03-28,3327727.1522930865,3176024.728123632,3041400.802079459,3041689.407206091
2024-03-29,3345970.23077543,3193582.8105613217,3057926.427150893,3058411.32322196
2024-05-02,3337172.727004906,3188871.330166809,3053525.4880865733,3054556.000224241
2024-05-03,3345113.9050716846,3198191.1050151186,3061327.51095075,3061802.323832143
2024-05-06,3390457.108037629,3243231.4052687883,3105746.4574388885,3105211.1051402465
2024-05-07,3402283.0141683468,3248020.626491552,3110012.0821003853,3108691.369309395
2024-05-08,3422322.753358483,3262121.8336391025,3123481.252407032,3122080.540137039
2024-05-09,3443753.6447272087,3264106.015064648,3123666.3880717494,3120973.527038827
2024-05-10,3546320.420480442,3343194.790487661,3197011.774167384,3193484.2908143857
2024-05-13,3588759.859660332,3362316.064082228,3212731.7129924567,3207749.595953096
2024-05-14,3625914.111529223,3397130.186147837,3244301.894611816,3239792.243142958
2024-05-15,3645620.7215539087,3410707.482756316,3258898.4580707094,3254241.997554242
2024-05-16,3706153.3785406416,3465317.270722673,3308943.7352873776,3304380.7051229165
2024-05-17,3700878.425830437,3467689.0012110807,3311809.902808302,3308130.726026695
2024-05-20,3700134.364882637,3464514.1399848526,3308004.447388005,3304039.667790749
2024-05-21,3659962.976052247,3430020.726389544,3275815.071786348,3272152.7249956885
2024-05-22,3701933.635575973,3465951.8951708004,3309685.154098735,3305614.858098532
2024-05-23,3698854.471831718,3463902.968682004,3308480.1813295274,3303635.085121956
2024-05-24,3717707.7455005096,3471210.90609204,3315206.0321873627,3309440.695472672
2024-05-27,3791230.699898368,3523451.936995624,3363351.301386293,3354983.685713766
2024-05-28,3832668.3732382753,3552305.6483011874,3390439.7749082507,3381309.8208304625
2024-05-29,3779179.85043426,3504725.080587019,3344493.556490064,3336130.64154118
2024-05-30,3749401.724403352,3470201.7504587504,3311083.5958898915,3302548.6503209923
2024-05-31,3689419.4483060697,3434434.394163587,3278317.6039398625,3271705.43065683
2024-06-03,3733715.8944366206,3474922.164732132,3316124.710408176,3309705.358548549
2024-06-04,3698083.131449162,3441858.460973381,3284767.517715239,3278926.5662697754
2024-06-05,3725203.661974594,3467803.6387801985,3309825.5743665234,3304982.209831634
2024-06-06,3775801.913590258,3514122.814205125,3352762.6529687424,3348740.913457404
2024-06-07,3793040.26297336,3529962.957805108,3368477.8079860983,3364521.4741003136
2024-06-11,3761761.244836274,3499108.915786586,3339519.298835336,3332885.0820714487
2024-06-12,3756343.558270858,3493484.9443742163,3333905.2373363404,3324516.657267162
2024-06-13,3795839.610798471,3529448.199952203,3367311.590734492,3357777.484696097
2024-06-14,3837634.498058624,3568836.49578393,3405214.1882045986,3396236.221423837
2024-06-17,3832941.2028661207,3564831.1071563675,3401724.3434140063,3391783.6944214995
2024-06-18,3856111.1160245407,3585838.766153729,3421284.1950800987,3411235.466130733
2024-06-19,3924537.719898929,3646468.9652878433,3477908.144350735,3467559.1122814966
2024-06-20,3964912.269481136,3684879.874494663,3515760.8069029567,3503557.1583667696
2024-06-21,3940075.100679613,3663842.069276212,3496025.17027054,3484164.0210835715
2024-06-24,3886006.41226712,3614864.730514012,3450080.9399204166,3438254.308722845
2024-06-25,3884632.546685282,3614688.134271768,3450848.7833896405,3438856.2051458675
2024-06-26,3894135.922410114,3622675.655546368,3458167.3482870166,3446099.29860541
2024-06-27,3890628.510385424,3619943.9034564616,3455806.95120608,3443200.003853749
2024-06-28,3908244.1251349207,3634808.75976578,3470206.738903864,3457990.5291700163
2024-08-01,3979415.966857411,3700451.660399539,3533748.523516377,3521696.122078872
2024-08-02,3852205.7419444,3581473.957428175,3418978.491926833,3407223.7480028328
2024-08-05,3552813.6764233545,3302765.4256649,3152510.397755728,3141435.197450825
2024-08-06,3626614.04751202,3371919.839742576,3217666.8807619945,3206133.29523159
2024-08-07,3765992.550141277,3501602.0100530973,3342222.0878492827,3331463.226974788
2024-08-08,3716580.170997079,3455059.5603055563,3297149.113673913,3286089.398953109
2024-08-09,3782421.161604813,3516348.987632028,3354735.0354586816,3342777.278209307
2024-08-12,3861307.665548615,3590468.3737862096,3426475.212875091,3415235.8457945003
2024-08-13,3850034.1705634217,3580626.523205696,3416904.971325585,3405507.9931577835
2024-08-14,3882927.720074269,3611314.969753645,3445914.56713274,3434243.7793025086
2024-08-15,3871992.397235826,3601296.534881857,3435666.5377510944,3424654.985727551
2024-08-16,3933533.188933031,3658817.91475361,3491246.1631533364,3480150.8380322023
2024-08-19,3927267.7359851394,3653436.911210751,3485026.6422094908,3473617.1004162943
2024-08-20,3938616.818376704,3663962.0498792217,3495345.0963480086,3484115.4970507165
2024-08-21,3917813.173381656,3644599.476345876,3476483.709869874,3465380.593016243
2024-08-22,3914376.467182808,3641183.640678336,3472897.0160094057,3461787.4647587463
2024-08-23,3913079.1218703752,3640071.961704999,3472460.309634044,3461579.830719415
2024-08-26,3937610.199025732,3663123.149641379,3493853.4898191867,3482685.383197808
2024-08-27,3921238.8225044375,3647445.316863227,3479301.4321132344,3467877.763371924
2024-08-28,3937954.463522536,3663109.943613891,3494457.088188324,3483016.692503084
2024-08-29,3929566.1317120767,3655731.696150329,3487317.543473246,3475989.7423188062
2024-08-30,3949418.71840754,3674360.960284122,3504824.9307667445,3493955.058422618
2024-10-01,3984234.8678771937,3706374.137471746,3535652.458742887,3524698.969689399
2024-10-04,3910303.556066181,3636621.07495378,3467820.356753205,3456807.523185394
2024-10-07,3933397.2420890974,3657346.633632704,3487424.252810424,3475470.2258061846
2024-10-08,3923427.7073271386,3646894.6775125368,3477463.0593232275,3465669.871277368
2024-10-09,3908430.22861579,3632140.519083085,3463042.7911252696,3451039.9448910826
2024-10-11,3945145.108080704,3666415.848684482,3495336.298099032,3483072.5382966488
2024-10-14,3956837.871337608,3676209.849579696,3504275.557798841,3492100.5594076533
2024-10-15,3997804.1022106353,3714000.2324596737,3540611.5094255325,3527655.441052333
2024-10-16,3978277.8301194655,3696096.53520592,3523581.1379761314,3510937.981125588
2024-10-17,4018289.112749097,3734464.5479983366,3560883.431058092,3548102.263964043
2024-10-18,4028275.585272271,3742639.7780512846,3568899.2385762976,3555685.258101988
2024-10-21,4034363.724254858,3749280.149257488,3575227.1392487898,3562028.9127479973
2024-10-22,4052810.00786281,3765816.817767425,3591113.861799259,3577525.395255256
2024-10-23,4041585.541309986,3754325.591853556,3580110.3504361766,3566322.0568139525
2024-10-24,4021607.937767348,3734662.5762985954,3561052.450981764,3547310.2450950705
2024-10-25,4044064.710314882,3756044.32744496,3581492.23017161,3567344.5552205383
2024-10-28,4049815.411588203,3760801.85564314,3586531.595438096,3572414.443694234
2024-10-29,4003006.316372279,3717079.7500517583,3544483.2644980447,3530516.824201194
2024-10-30,3993615.0100302137,3707819.16251748,3535815.48342792,3521723.987166265
2025-01-02,3992795.753069866,3706732.174680096,3534738.933721708,3519629.5688849427
2025-01-03,4015953.791281232,3727620.999139104,3554204.937627476,3538810.3063138225
2025-01-06,4072050.3883304014,3780743.430389282,3604490.6657263674,3590190.2814667025
2025-01-07,4091491.4246028415,3798980.13032992,3622163.618996401,3607537.254644546
2025-01-08,4084332.7022909834,3789774.3887873,3612864.692026316,3597477.6224369192
2025-01-09,4009037.6424528095,3715800.3715837128,3542453.1833648146,3526626.9474979425
2025-01-10,4016177.1627001935,3718748.474544929,3544350.796342421,3527834.378105815
2025-01-13,3960563.9265950792,3662706.1745619695,3489875.245419061,3472533.4065525127
2025-01-14,4014467.524211397,3713349.743172259,3538637.77449626,3521461.5502667166
2025-01-15,3976283.883866246,3678945.2991734073,3505710.723359186,3488967.600682389
2025-01-16,4001524.140256309,3704121.0419348334,3529536.4049520157,3513376.963679792
2025-01-17,4012265.216189207,3713841.922967028,3538847.544787737,3522735.2014180366
2025-01-20,4032933.578944469,3731779.103222781,3555265.6407121546,3539535.2142408285
2025-01-21,4038904.7832473456,3737157.2669369066,3560070.101527724,3543631.341918183
2025-01-22,4050168.674051302,3748099.854856188,3570702.328270184,3553497.241157074
2025-04-01,4162106.6393283545,3850008.924299607,3666968.869613914,3649708.679850162
2025-04-02,4164527.807880458,3852091.335790697,3668762.5438327095,3652063.777189155
2025-04-07,3754840.078076337,3473087.077419032,3307768.715127068,3292744.5143973376
2025-04-08,3623233.1640150193,3351006.6277092523,3192058.098227913,3178720.5186017216
2025-04-09,3364318.437359841,3111270.2906711907,2963531.1962568024,2951666.947678375
2025-04-10,3675417.887760878,3398073.47499867,3236520.4911779137,3223394.0935036032
2025-04-11,3820677.711478982,3529791.8913385877,3360432.510332569,3346666.492192026
2025-04-14,3890185.3400343377,3593362.284419297,3419819.5587927457,3405935.6799071715
2025-04-15,3959426.287998196,3658209.67532149,3481145.1009894866,3467075.0457628
2025-04-16,3920246.2975944206,3621171.8407765455,3447037.384103329,3431690.218732027
2025-04-17,3896380.220661249,3597945.065679885,3425338.2937002634,3410002.675396024
2025-04-18,3913604.142934641,3613657.865733653,3439256.684572253,3424314.2315933662
2025-04-21,3856374.802455223,3561105.9706226327,3389305.8000569586,3374521.8940779804
2025-04-22,3792821.007981948,3503591.502455555,3334930.1939264745,3320294.60220483
2025-04-23,3921754.2711719056,3620661.040317072,3445838.295175992,3430667.3279221584
2025-04-24,3884514.4656601655,3586590.1770997853,3413628.62742076,3398484.1238183505
2025-04-25,3937757.520803996,3635329.4016436622,3459472.0950636207,3443989.329404348
2025-04-28,3964099.268873301,3659738.171009559,3482939.5579213435,3467087.310900706
2025-04-29,3995578.818669576,3688681.252755976,3510756.102739243,3494966.8984674783
2025-04-30,4015496.88053509,3707119.6221012906,3529678.338584301,3512528.954399212
2025-05-02,4081293.549881429,3765873.1312664472,3582185.4151749,3564927.8448083964
2025-05-05,4053742.83416049,3739111.748759712,3556257.318499348,3539569.478756553
2025-05-06,4110896.5970934583,3790117.800603362,3603870.301766439,3586381.22539068
2025-05-07,4090369.8926479686,3770830.7358590136,3585216.5588354617,3568230.088612268
2025-05-08,4098315.581710068,3778328.733067834,3593104.8380467677,3576153.2781774425
2025-05-09,4132140.898011014,3808897.7314670575,3620488.675354296,3603241.482805267
2025-05-12,4174523.188722734,3847190.340939352,3657696.1936591896,3639996.2122528153
2025-05-13,4232255.480452317,3899258.4428078025,3708382.120147803,3688769.0598199735
2025-05-14,4309717.028540124,3967485.8583995015,3771181.014906343,3750059.444611189
2025-05-15,4325747.773565359,3982025.546446376,3784206.798267592,3762320.7878119503
2025-05-16,4387448.023586192,4036104.289219663,3834230.9688132834,3810429.7559954743
2025-05-19,4339716.466115856,3994468.938573774,3796788.804878885,3772791.3234293065
2025-05-20,4348515.330925684,4001867.2449934697,3801951.080552291,3778107.1398888594
2025-05-21,4392714.619653377,4040954.594546179,3837463.006445469,3813496.028938444
2025-05-22,4398048.1462661,4041573.3764952496,3835767.203047978,3809399.470387285
2025-05-23,4374200.228936036,4018831.115455016,3814628.4097110033,3788679.187269741
2025-05-26,4342746.478709653,3992145.6189501327,3788797.614528776,3764106.9762880825
2025-05-27,4298659.306898457,3950339.5994282304,3748916.440680191,3724317.289232855
2025-05-28,4297858.634346158,3952561.7930351,3750860.228387465,3726895.017629818
2025-05-29,4268194.161459742,3926112.2486842354,3725042.230672435,3701597.3680983447
2025-07-01,4295728.11623709,3951128.262452168,3748850.2448327546,3724898.961651083
2025-07-02,4318926.255631258,3972331.6081506712,3768995.0729348254,3745133.312840149
2025-07-03,4345168.020514017,3995816.557652119,3790837.5582748246,3766756.2175742495
2025-07-04,4296437.8989692405,3950370.685885296,3748414.679114223,3723431.659497091
2025-07-07,4281381.322233008,3936491.356710175,3735732.588674561,3710350.5932828574
2025-07-08,4243478.186531578,3901736.4743857607,3702988.451685433,3677668.0813283846
2025-07-09,4273739.848155964,3929717.377712935,3729845.21566252,3704713.272033521
2025-07-10,4282160.498861238,3937575.936778468,3736963.9012513193,3711357.568377405
2025-07-11,4297252.462364857,3951476.708624876,3749620.787062385,3724821.585833859
2025-07-14,4282013.991604856,3936851.88927434,3735920.549239911,3710488.1504208553
2025-07-15,4300117.053523397,3953655.734585406,3751969.31696062,3726233.2231157823
2025-07-16,4313162.326856281,3965385.576418254,3762965.397701509,3737296.1443016697
2025-07-17,4344813.488751526,3994034.281690826,3789435.461434438,3764037.8170922175
2025-07-18,4357437.328909582,4005158.2863998665,3800201.658103072,3774607.094340706
2025-07-21,4350173.2395864455,3998574.3147864463,3793211.2548600016,3768166.867196427
2025-07-22,4296945.38677274,3949511.898287591,3747050.006073106,3721320.41591833
2025-07-23,4370694.55469151,4017499.8733398784,3810681.1635773727,3785261.4360379823
2025-07-24,4392730.495460215,4037434.857178639,3829676.339384099,3804334.417298355
2025-07-25,4392044.175286022,4036844.853646343,3829102.136775636,3803937.7179879625
2025-07-28,4400898.251276274,4044565.560614786,3837036.4266186343,3811658.781766759
2025-07-29,4355529.338595368,4003290.280618427,3797977.191452901,3773258.376865565
2025-07-30,4382433.929209272,4027354.4840845503,3821062.593388952,3795823.329036405
2025-07-31,4374871.650563374,4019967.85409512,3814563.0074346047,3789436.238208621
2025-08-04,4356732.676500517,4003800.157447477,3800005.809157368,3775747.77080189
2025-08-05,4409727.609006812,4051891.146874023,3842574.52464492,3816988.189887931
2025-08-06,4401666.007072012,4043805.463040392,3835520.4101901934,3809881.312122279
2025-08-07,4401168.380117782,4042212.908734292,3835704.700915623,3809422.144244392
2025-08-08,4410923.185690104,4050690.853947026,3844818.61106278,3818220.04832539
2025-08-11,4428410.824218968,4065233.296682504,3859927.5465049096,3831761.7215002314
2025-08-12,4444495.8866561605,4079493.739368014,3873981.001981706,3845640.193977601
2025-08-13,4456854.68541897,4090291.479157743,3883675.5489056017,3854842.592705767
2025-08-14,4477363.778621892,4108867.9647400463,3899840.303711513,3870652.006066442
2025-08-15,4468237.229290162,4099656.010554827,3890914.13476496,3861601.6754767136
2025-08-18,4476819.473954701,4107123.176019506,3898578.984944481,3868738.4098937134
2025-08-19,4432570.604152602,4066838.9499031184,3860231.9876125935,3830904.7968780366
2025-08-20,4358700.765286291,4000418.260755419,3797438.4615814816,3770002.979867671
2025-08-21,4409301.510272152,4045437.847078688,3839640.344359941,3811793.145716448
2025-08-22,4379984.63377624,4018886.530791437,3812831.22934865,3785097.801615585
2025-08-25,4431307.113148217,4065458.6264990726,3855673.320089328,3826927.184358708
2025-08-26,4404760.138701522,4041109.694670607,3833280.884785312,3804642.23623238
2025-08-27,4413287.357335133,4049347.7246954655,3838239.869614464,3809492.420898264
2025-08-28,4391433.535291388,4029408.779609264,3819968.557762693,3791523.705429576
2025-08-29,4349381.188784973,3990749.196487005,3785589.946240157,3757577.796545425
2025-10-01,4330700.858632536,3972529.851257055,3768325.55600736,3740629.17217368
2025-10-02,4338175.174691407,3978211.242965063,3773486.6548261,3745553.524245789
2025-10-03,4350892.704854026,3988433.5768244113,3783373.031273012,3755218.795786572
2025-10-07,4384297.312327794,4018316.1059862752,3811541.1173516335,3782637.9938753606
2025-10-08,4390563.042343575,4025233.699723625,3818072.464003908,3788992.31216744
2025-10-09,4398818.519986121,4033026.3142803167,3825527.626540284,3796124.594898701
2025-10-13,4341834.724334598,3980711.02788183,3775996.4963441775,3747479.2746600863
2025-10-14,4346650.903245659,3985458.002679159,3781019.5108687486,3753557.076806321
2025-10-15,4365225.751892959,4000789.607775783,3795050.336256005,3766786.165260996
2025-10-16,4409316.307503937,4039561.736017101,3831584.481839724,3802316.086085824
2025-10-17,4421165.324254356,4051329.402663785,3842885.6327561103,3813397.2251514425
2025-10-20,4445525.1885458045,4071714.669669383,3862251.052820026,3832043.445572608
2025-10-21,4450543.780714004,4075430.660827566,3865433.417768551,3835330.899453572
2025-10-22,4470275.588183252,4093608.234139545,3882977.897348098,3852781.1547554047
2025-10-23,4463102.551559475,4086684.5382079566,3876264.678453773,3846045.210155501
2025-10-27,4477364.071660042,4098437.2524245456,3886797.772060656,3855992.042281049
2025-10-28,4454801.944075464,4076807.606700125,3866066.550048046,3835479.62355142
2025-10-29,4482640.567449042,4100610.330115399,3888983.119659232,3857932.31767156
2025-10-30,4523723.332568045,4137011.998500669,3923463.813053552,3892784.6526204576
2025-10-31,4508225.986452138,4123498.0916749374,3909856.930232992,3878440.078277713
2025-11-03,4484585.713064178,4102302.97550432,3889371.402513437,3857829.2912703385
2025-11-04,4456064.85942848,4076435.064480128,3864178.87460346,3832651.030218184
2025-11-05,4423388.732518059,4047105.463201713,3836354.154762103,3805429.75666057
2025-11-06,4438834.943543526,4061016.264081647,3850409.13554829,3819288.73481745
2025-11-07,4412103.213416541,4035780.460001114,3824600.9414848215,3793805.7670269697
2025-11-10,4433896.1484087305,4055151.97656934,3843860.048117592,3813424.215052291
2025-11-11,4457886.385048375,4076543.274100011,3865949.907971852,3835179.6513342815
2025-11-12,4498083.9487130605,4113614.0451537226,3899542.45061954,3867925.361968748
2025-11-13,4512368.776184449,4126820.8271802,3911614.3067482007,3879704.2863477767
2025-11-14,4457602.9408120215,4076813.8755485294,3862642.2787484378,3831260.1759460056
2025-11-17,4419643.938630872,4041927.2410732666,3830302.393642601,3798880.901612679
2025-11-18,4328152.807309966,3959299.7954723537,3752216.232875704,3721006.09135986
2025-11-19,4310056.569249623,3942691.3125229785,3735969.161976177,3705160.8782026097
2025-11-20,4390516.564094999,4015157.285542944,3806249.120574685,3775083.281849613
2025-11-21,4314614.816311754,3946325.752645586,3739165.712769678,3708813.080447192
2025-11-24,4383683.9463757705,4009077.351966696,3796689.687704604,3765827.087631797
2025-11-25,4379195.988051562,4004419.8040249,3793249.336068721,3762252.8871246
2025-11-26,4484749.51975152,4100598.150649184,3884944.308523652,3852781.5828957553
2025-11-27,4523076.567882879,4135557.056516369,3918615.413459394,3886298.8804754913
2025-11-28,4523836.369671224,4135659.446274903,3918886.9590894976,3886021.907655887
2026-01-02,4544726.906242359,4155315.8419034216,3937366.188780513,3903809.520941888
2026-01-05,4544928.311955784,4156209.883694316,3938134.090073072,3903881.0269347895
2026-01-06,4572038.627499277,4180205.39449492,3960495.583937455,3926079.3046037112
2026-01-07,4642925.47759514,4243986.697694963,4020197.721291801,3985642.8641601503
2026-01-08,4607046.117070788,4210273.663741744,3988281.349108337,3954320.216829912
2026-01-09,4619262.532474269,4217974.144932617,3994530.299873578,3960599.16711141
2026-01-12,4636790.125912269,4233239.890024595,4008027.922088098,3973321.335215436
2026-01-13,4615472.042473935,4211917.204757449,3987458.579662936,3952085.8783062967
2026-01-14,4656520.080318303,4249107.907898229,4022280.645527343,3987212.538401376
2026-01-15,4685694.56878563,4274661.76729114,4046453.304063728,4011584.618664054
2026-01-16,4689923.180949963,4278760.337240328,4049874.619201699,4013864.377859553
2026-01-19,4690812.177277694,4278376.964536758,4049416.614656887,4012770.640375125
2026-01-20,4686768.010161817,4274463.442585938,4045127.978546904,4008201.113765395
2026-01-21,4648881.829267267,4239814.773456721,4012343.7578067137,3975707.763698428
2026-01-22,4687971.37096423,4276779.235499318,4047461.069672628,4010637.904141648
2026-01-23,4706106.8309627725,4291918.845608185,4061762.704615981,4023992.112600181
2026-01-26,4768580.47998916,4349261.315391739,4116708.110028366,4078236.0811480097
2026-01-27,4801772.775208867,4377127.711354845,4141983.506208553,4103865.239148546
2026-01-28,4821900.7863661535,4395650.196808241,4159077.700323858,4120800.504250533
2026-01-29,4773694.498527681,4352788.123754364,4119837.752011598,4081320.456185676
2026-01-30,4680234.395931277,4267419.206571593,4039396.529234976,4001483.084184632
2026-04-01,4819639.741094617,4393573.585764801,4152999.4132723296,4112811.840675906
2026-04-02,4781611.551667966,4360082.389767125,4120526.743315933,4080601.6754991016
2026-04-07,4806768.609196505,4382941.0951539865,4145176.218572255,4105207.684049796
2026-04-08,4943940.7839772245,4495195.120551308,4244182.098147737,4202399.7205212535
2026-04-09,4945647.360029197,4495268.033248808,4242069.523498242,4199320.510849933
2026-04-10,4947812.647150687,4492804.418822148,4239190.631388197,4196718.288500047
2026-04-13,4989991.174463124,4523852.237134818,4260404.787853131,4214519.098763765
2026-04-14,5061098.100011812,4575187.95275078,4305493.767366229,4258099.36835183
2026-04-15,5079779.835483822,4587375.461706103,4312765.14868067,4265916.805484679
2026-04-16,5149568.871622609,4644289.565772458,4365251.57643221,4317283.499772202
2026-04-17,5142947.678641567,4633533.290412261,4356219.207526754,4309042.5271980055
2026-04-20,5170139.992364603,4652345.31014846,4369505.148582709,4321136.161960333
2026-04-21,5243536.36087899,4702785.049877469,4413648.476413218,4364536.501557807
2026-04-22,5305943.18844337,4746985.549781745,4455364.554200666,4406564.081728431
2026-04-23,5217176.615792698,4668217.926145703,4380613.833016391,4333411.908459221
2026-04-24,5319564.281847803,4740852.288198933,4441703.133834182,4391881.731421792
2026-04-27,5365021.033230959,4777015.4006278,4475881.099819329,4425784.916411395
2026-04-28,5385940.108806212,4789243.689640059,4485924.826958575,4435341.410070768
2026-04-29,5399159.746872836,4803770.928862823,4501523.550841397,4451040.274142202
2026-04-30,5351366.650482146,4762458.816844014,4463509.353516562,4413246.01767975
2026-05-04,5523705.364503196,4894185.406892643,4559779.512625783,4497406.866896971
2026-05-05,5640410.228024091,4982180.008422284,4623898.239843147,4552561.369839597
2026-05-06,5827110.145998195,5119844.897277631,4732488.1129127005,4649203.6597428005
2026-05-07,5885689.720595745,5166926.687341749,4773947.418684558,4689466.507503723
2026-05-08,5919923.638365931,5190908.864123017,4788175.565587075,4699873.209723351
2026-05-11,6017061.589805392,5257449.52500758,4830422.46927481,4732088.956820802
2026-05-12,6012640.13202426,5239352.192632939,4812465.262388346,4711195.55680655
2026-05-13,5900466.365223475,5160680.727915278,4754742.842908895,4661937.219992227
2026-05-14,5919107.4685364105,5166292.076880731,4759269.75180154,4666496.191733546
2026-05-15,5824225.33194632,5087226.73066705,4689660.39232998,4601404.8839519685
2026-05-18,5854941.286068312,5104562.244625728,4700173.499483882,4610382.34954634
2026-05-19,5773997.871267552,5044673.937038777,4665869.799221003,4584573.965151168
2026-05-20,5791641.118434997,5064442.581796783,4681765.831932509,4600652.08530907
2026-05-21,6036385.560968939,5256707.1928785,4836082.443605342,4741424.447256307
2026-05-22,6157716.657684361,5350191.429136999,4899166.138817259,4792609.825290103
2026-05-25,6342750.923034632,5479483.467257852,4984361.891071169,4860330.594895183
2026-05-26,6329441.241754867,5460779.77540571,4962619.055836485,4837853.221539624
2026-05-27,6481237.019336221,5562984.838934911,5028234.001194116,4889148.242689877
2026-05-28,6377281.189412482,5482380.457196384,4966668.908332447,4833233.745049535
2026-05-29,6530937.526825413,5622478.092662754,5112859.648486037,4979377.658757264
