Date,12,24,36,60
2021-04-01,0.0,0.0,0.0,0.0
2021-04-07,0.0,0.0,0.0,0.0
2021-04-08,0.0,0.0,0.0,0.0
2021-04-09,-0.039243178280707225,-0.039243178280707225,-0.039243178280707225,-0.039243178280707225
2021-04-12,0.0,0.0,0.0,0.0
2021-04-13,-0.00928477500505509,-0.00928477500505509,-0.00928477500505509,-0.00928477500505509
2021-04-14,0.0,0.0,0.0,0.0
2021-04-15,0.0,0.0,0.0,0.0
2021-04-16,0.0,0.0,0.0,0.0
2021-04-19,0.0,0.0,0.0,0.0
2021-04-20,0.0,0.0,0.0,0.0
2021-04-21,0.0,0.0,0.0,0.0
2021-04-22,-0.02980562492001937,-0.02980562492001937,-0.02980562492001937,-0.02980562492001937
2021-04-23,-0.03190113204496592,-0.03190113204496592,-0.03190113204496592,-0.03190113204496592
2021-04-26,0.0,0.0,0.0,0.0
2021-04-27,0.0,0.0,0.0,0.0
2021-04-28,0.0,0.0,0.0,0.0
2021-04-29,0.0,0.0,0.0,0.0
2021-06-01,0.0,0.0,0.0,0.0
2021-06-02,0.0,0.0,0.0,0.0
2021-06-03,0.0,0.0,0.0,0.0
2021-06-04,-0.014262696398847807,-0.014262696398847807,-0.014262696398847807,-0.014262696398847807
2021-06-07,-0.0427675312436363,-0.0427675312436363,-0.0427675312436363,-0.0427675312436363
2021-06-08,-0.0005723723553622273,-0.0005723723553622273,-0.0005723723553622273,-0.0005723723553622273
2021-06-09,-0.010386838526905695,-0.010386838526905695,-0.010386838526905695,-0.010386838526905695
2021-06-10,-0.015209299559414413,-0.015209299559414413,-0.015209299559414413,-0.015209299559414413
2021-06-11,0.0,0.0,0.0,0.0
2021-06-15,0.0,0.0,0.0,0.0
2021-06-16,0.0,0.0,0.0,0.0
2021-06-17,0.0,0.0,0.0,0.0
2021-06-18,0.0,0.0,0.0,0.0
2021-06-21,0.0,0.0,0.0,0.0
2021-06-22,-0.0013590101761069562,-0.0013590101761069562,-0.0013590101761069562,-0.0013590101761069562
2021-06-23,-0.05950230324927808,-0.05950230324927808,-0.05950230324927808,-0.05950230324927808
2021-06-24,-0.0024484116001123324,-0.0024484116001123324,-0.0024484116001123324,-0.0024484116001123324
2021-06-25,0.0,0.0,0.0,0.0
2021-06-28,0.0,0.0,0.0,0.0
2021-06-29,-0.003788197501426893,-0.003788197501426893,-0.003788197501426893,-0.003788197501426893
2021-06-30,0.0,0.0,0.0,0.0
2021-07-01,-0.0026222728409101004,-0.0026222728409101004,-0.0026222728409101004,-0.0026222728409101004
2021-07-02,-0.004801740367993745,-0.004801740367993745,-0.004801740367993745,-0.004801740367993745
2021-07-05,0.0,0.0,0.0,0.0
2021-07-06,-0.0015806948876782023,-0.0015806948876782023,-0.0015806948876782023,-0.0015806948876782023
2021-07-07,-0.0020879122857413446,-0.0020879122857413446,-0.0020879122857413446,-0.0020879122857413446
2021-07-08,0.0,0.0,0.0,0.0
2021-07-09,-0.012281207728250698,-0.012281207728250698,-0.012281207728250698,-0.012281207728250698
2021-07-12,-0.008768531985312245,-0.008768531985312245,-0.008768531985312245,-0.008768531985312245
2021-07-13,-0.02306743010875678,-0.02306743010875678,-0.02306743010875678,-0.02306743010875678
2021-07-14,-0.02548920575936975,-0.02548920575936975,-0.02548920575936975,-0.02548920575936975
2021-07-15,-0.004030049823984139,-0.004030049823984139,-0.004030049823984139,-0.004030049823984139
2021-07-16,0.0,0.0,0.0,0.0
2021-07-19,-0.0035230889125508202,-0.0035230889125508202,-0.0035230889125508202,-0.0035230889125508202
2021-07-20,-0.01118459631014268,-0.01118459631014268,-0.01118459631014268,-0.01118459631014268
2021-07-21,-0.021266868154734664,-0.021266868154734664,-0.021266868154734664,-0.021266868154734664
2021-07-22,-0.02116858573660707,-0.02116858573660707,-0.02116858573660707,-0.02116858573660707
2021-07-23,-0.01811007758230576,-0.01811007758230576,-0.01811007758230576,-0.01811007758230576
2021-07-26,-0.02738158445876493,-0.02738158445876493,-0.02738158445876493,-0.02738158445876493
2021-07-27,-0.035814331289117596,-0.035814331289117596,-0.035814331289117596,-0.035814331289117596
2021-07-28,-0.04531946187714664,-0.04531946187714664,-0.04531946187714664,-0.04531946187714664
2021-07-29,-0.024200757193095,-0.024200757193095,-0.024200757193095,-0.024200757193095
2021-07-30,-0.030242474201913505,-0.030242474201913505,-0.030242474201913505,-0.030242474201913505
2021-09-01,-0.036432093004186816,-0.036432093004186816,-0.036432093004186816,-0.036432093004186816
2021-09-02,-0.04436717800236045,-0.04436717800236045,-0.04436717800236045,-0.04436717800236045
2021-09-03,-0.040399424116487226,-0.040399424116487226,-0.040399424116487226,-0.040399424116487226
2021-09-06,-0.05148129548377489,-0.05148129548377489,-0.05148129548377489,-0.05148129548377489
2021-09-07,-0.044295468738774435,-0.044295468738774435,-0.044295468738774435,-0.044295468738774435
2021-09-08,-0.05283655024079714,-0.05283655024079714,-0.05283655024079714,-0.05283655024079714
2021-09-09,-0.05727057290945403,-0.05727057290945403,-0.05727057290945403,-0.05727057290945403
2021-09-10,-0.046100894644216406,-0.046100894644216406,-0.046100894644216406,-0.046100894644216406
2021-09-13,-0.04494293664095228,-0.04494293664095228,-0.04494293664095228,-0.04494293664095228
2021-09-14,-0.04795293581371807,-0.04795293581371807,-0.04795293581371807,-0.04795293581371807
2021-09-15,-0.046905824017320685,-0.046905824017320685,-0.046905824017320685,-0.046905824017320685
2021-09-16,-0.04921030923492853,-0.04921030923492853,-0.04921030923492853,-0.04921030923492853
2021-09-17,-0.050306890716049435,-0.050306890716049435,-0.050306890716049435,-0.050306890716049435
2021-09-22,-0.06431741973527227,-0.06431741973527227,-0.06431741973527227,-0.06431741973527227
2021-09-23,-0.05216426398084817,-0.05216426398084817,-0.05216426398084817,-0.05216426398084817
2021-09-24,-0.04374048842366385,-0.04374048842366385,-0.04374048842366385,-0.04374048842366385
2021-09-27,-0.04042098479097922,-0.04042098479097922,-0.04042098479097922,-0.04042098479097922
2021-09-28,-0.0468687500656535,-0.0468687500656535,-0.0468687500656535,-0.0468687500656535
2021-09-29,-0.0639647348526744,-0.0639647348526744,-0.0639647348526744,-0.0639647348526744
2021-09-30,-0.05600076611749183,-0.05600076611749183,-0.05600076611749183,-0.05600076611749183
2021-10-01,-0.0759208325496884,-0.0759208325496884,-0.0759208325496884,-0.0759208325496884
2021-10-04,-0.09537938873172691,-0.09537938873172691,-0.09537938873172691,-0.09537938873172691
2021-10-05,-0.09892918854076616,-0.09892918854076616,-0.09892918854076616,-0.09892918854076616
2021-10-06,-0.10616378942730853,-0.10616378942730853,-0.10616378942730853,-0.10616378942730853
2021-10-07,-0.08906992590367091,-0.08906992590367091,-0.08906992590367091,-0.08906992590367091
2021-10-08,-0.09302615960466487,-0.09302615960466487,-0.09302615960466487,-0.09302615960466487
2021-10-12,-0.10690551986207852,-0.10690551986207852,-0.10690551986207852,-0.10690551986207852
2021-10-13,-0.11168278823244482,-0.11168278823244482,-0.11168278823244482,-0.11168278823244482
2021-10-14,-0.10138045442823118,-0.10138045442823118,-0.10138045442823118,-0.10138045442823118
2021-10-15,-0.08827936143289261,-0.08827936143289261,-0.08827936143289261,-0.08827936143289261
2021-10-18,-0.08657744709975701,-0.08657744709975701,-0.08657744709975701,-0.08657744709975701
2021-10-19,-0.0774670596688003,-0.0774670596688003,-0.0774670596688003,-0.0774670596688003
2021-10-20,-0.07581754742739832,-0.07581754742739832,-0.07581754742739832,-0.07581754742739832
2021-10-21,-0.07502606695065661,-0.07502606695065661,-0.07502606695065661,-0.07502606695065661
2021-10-22,-0.07866716555986131,-0.07866716555986131,-0.07866716555986131,-0.07866716555986131
2021-10-25,-0.07348610623900953,-0.07348610623900953,-0.07348610623900953,-0.07348610623900953
2021-10-26,-0.0689668093833129,-0.0689668093833129,-0.0689668093833129,-0.0689668093833129
2021-10-27,-0.06901698788370747,-0.06901698788370747,-0.06901698788370747,-0.06901698788370747
2021-10-28,-0.058083037831522355,-0.058083037831522355,-0.058083037831522355,-0.058083037831522355
2021-10-29,-0.05856477435359042,-0.05856477435359042,-0.05856477435359042,-0.05856477435359042
2021-12-01,-0.04737924699522156,-0.04737924699522156,-0.04737924699522156,-0.04737924699522156
2021-12-02,-0.03577890223409541,-0.03577890223409541,-0.03577890223409541,-0.03577890223409541
2021-12-03,-0.03283922054207111,-0.03283922054207111,-0.03283922054207111,-0.03283922054207111
2021-12-06,-0.019785699588175887,-0.019785699588175887,-0.019785699588175887,-0.019785699588175887
2021-12-07,-0.005937595833463316,-0.005937595833463316,-0.005937595833463316,-0.005937595833463316
2021-12-08,0.0,0.0,0.0,0.0
2021-12-09,0.0,0.0,0.0,0.0
2021-12-10,-0.004944366574554104,-0.004944366574554104,-0.004944366574554104,-0.004944366574554104
2021-12-13,-0.011974015695827456,-0.011974015695827456,-0.011974015695827456,-0.011974015695827456
2021-12-14,-0.030308681212959265,-0.030308681212959265,-0.030308681212959265,-0.030308681212959265
2021-12-15,-0.020085759841144024,-0.020085759841144024,-0.020085759841144024,-0.020085759841144024
2021-12-16,-0.01434892579130198,-0.01434892579130198,-0.01434892579130198,-0.01434892579130198
2021-12-17,-0.011769703583378366,-0.011769703583378366,-0.011769703583378366,-0.011769703583378366
2021-12-20,-0.014209227363074284,-0.014209227363074284,-0.014209227363074284,-0.014209227363074284
2021-12-21,-0.004659555266575244,-0.004659555266575244,-0.004659555266575244,-0.004659555266575244
2021-12-22,-0.005518061590948475,-0.005518061590948475,-0.005518061590948475,-0.005518061590948475
2021-12-23,-0.005955721227956179,-0.005955721227956179,-0.005955721227956179,-0.005955721227956179
2021-12-24,-0.005521487350897192,-0.005521487350897192,-0.005521487350897192,-0.005521487350897192
2021-12-27,-0.0029763882969299216,-0.0029763882969299216,-0.0029763882969299216,-0.0029763882969299216
2021-12-28,0.0,0.0,0.0,0.0
2021-12-29,0.0,0.0,0.0,0.0
2021-12-30,0.0,0.0,0.0,0.0
2022-04-01,-0.0011547316971681765,-0.0009966477951620645,-0.0009966477951620645,-0.0009966477951620645
2022-04-06,-0.0011861114766192893,-0.0009893569394886503,-0.0009893569394886503,-0.0009893569394886503
2022-04-07,-0.022976609133080972,-0.022804416219234458,-0.022804416219234458,-0.022804416219234458
2022-04-08,-0.01150374382801267,-0.011077205998446638,-0.011077205998446638,-0.011077205998446638
2022-04-11,-0.02075293204257922,-0.020431071539514956,-0.020431071539514956,-0.020431071539514956
2022-04-12,-0.022721783550708308,-0.022193521312616094,-0.022193521312616094,-0.022193521312616094
2022-04-13,-0.0027588646606003797,-0.0025868689144105117,-0.0025868689144105117,-0.0025868689144105117
2022-04-14,-0.0024064611003310477,-0.002212871300259933,-0.002212871300259933,-0.002212871300259933
2022-04-15,-0.01172060549349696,-0.011405505194150178,-0.011405505194150178,-0.011405505194150178
2022-04-18,-0.02325840574934035,-0.0231142861195629,-0.0231142861195629,-0.0231142861195629
2022-04-19,-0.01753720172802009,-0.017257908740509587,-0.017257908740509587,-0.017257908740509587
2022-04-20,-0.008384174411194323,-0.008527287437152364,-0.008527287437152364,-0.008527287437152364
2022-04-21,-0.003073016732626943,-0.002956021192425662,-0.002956021192425662,-0.002956021192425662
2022-04-22,-0.003856530941776848,-0.0036722214879174597,-0.0036722214879174597,-0.0036722214879174597
2022-04-25,-0.027439618992413983,-0.027395972518212686,-0.027395972518212686,-0.027395972518212686
2022-04-26,-0.028926174900339552,-0.028876523548077127,-0.028876523548077127,-0.028876523548077127
2022-04-27,-0.041803342699521906,-0.041630339369938874,-0.041630339369938874,-0.041630339369938874
2022-04-28,-0.03628541745815339,-0.036422572813314846,-0.036422572813314846,-0.036422572813314846
2022-04-29,-0.022815969469826447,-0.022469992831059327,-0.022469992831059327,-0.022469992831059327
2022-06-01,-0.027979509747471654,-0.027400621716340723,-0.027400621716340723,-0.027400621716340723
2022-06-02,-0.031074094065399627,-0.03037351743848382,-0.03037351743848382,-0.03037351743848382
2022-06-06,-0.030149064697512107,-0.02941934446457617,-0.02941934446457617,-0.02941934446457617
2022-06-07,-0.03376194695005352,-0.03331880193193537,-0.03331880193193537,-0.03331880193193537
2022-06-08,-0.0281501005731688,-0.02744826520583532,-0.02744826520583532,-0.02744826520583532
2022-06-09,-0.029290418276024965,-0.028883252818913463,-0.028883252818913463,-0.028883252818913463
2022-06-10,-0.032849694095603565,-0.03283898977585076,-0.03283898977585076,-0.03283898977585076
2022-06-13,-0.055327426799909984,-0.05547589630289096,-0.05547589630289096,-0.05547589630289096
2022-06-14,-0.055112774465638226,-0.05528105158217922,-0.05528105158217922,-0.05528105158217922
2022-06-15,-0.05616783765948885,-0.05649304294126045,-0.05649304294126045,-0.05649304294126045
2022-06-16,-0.06161102773494376,-0.06238345207001672,-0.06238345207001672,-0.06238345207001672
2022-06-17,-0.07045981335781781,-0.07177564000589387,-0.07177564000589387,-0.07177564000589387
2022-06-20,-0.09366017823180928,-0.09492677528039983,-0.09492677528039983,-0.09492677528039983
2022-06-21,-0.06439410921091515,-0.06558898169951888,-0.06558898169951888,-0.06558898169951888
2022-06-22,-0.08552724886236585,-0.08718258462873363,-0.08718258462873363,-0.08718258462873363
2022-06-23,-0.09181859323956587,-0.0945644458926227,-0.0945644458926227,-0.0945644458926227
2022-06-24,-0.08250513341029964,-0.08551522082741536,-0.08551522082741536,-0.08551522082741536
2022-06-27,-0.07281083011360656,-0.07498173717092271,-0.07498173717092271,-0.07498173717092271
2022-06-28,-0.07970778389304223,-0.08202756041428982,-0.08202756041428982,-0.08202756041428982
2022-06-29,-0.08833420111663903,-0.09091086739943877,-0.09091086739943877,-0.09091086739943877
2022-06-30,-0.10900919548562449,-0.11152891418766775,-0.11152891418766775,-0.11152891418766775
2022-07-01,-0.13563481323492088,-0.13850930945260498,-0.13850930945260498,-0.13850930945260498
2022-07-04,-0.1407558322697121,-0.14363011137069925,-0.14363011137069925,-0.14363011137069925
2022-07-05,-0.1229088440377446,-0.12596472670802938,-0.12596472670802938,-0.12596472670802938
2022-07-06,-0.1434749764256289,-0.14657940809070646,-0.14657940809070646,-0.14657940809070646
2022-07-07,-0.12696213809891832,-0.1298743632949354,-0.1298743632949354,-0.1298743632949354
2022-07-08,-0.11805340718182866,-0.12080753335658201,-0.12080753335658201,-0.12080753335658201
2022-07-11,-0.11549284165613505,-0.11889763276208631,-0.11889763276208631,-0.11889763276208631
2022-07-12,-0.1461147275750051,-0.14968242099134776,-0.14968242099134776,-0.14968242099134776
2022-07-13,-0.12420605364186865,-0.12805169807779293,-0.12805169807779293,-0.12805169807779293
2022-07-14,-0.11392974272636747,-0.11776323211605666,-0.11776323211605666,-0.11776323211605666
2022-07-15,-0.11920207486601131,-0.12281422936122632,-0.12281422936122632,-0.12281422936122632
2022-07-18,-0.10584853722160426,-0.10948222128784157,-0.10948222128784157,-0.10948222128784157
2022-07-19,-0.09896075709520158,-0.10280336240257637,-0.10280336240257637,-0.10280336240257637
2022-07-20,-0.09645436990465639,-0.1000742398713389,-0.1000742398713389,-0.1000742398713389
2022-07-21,-0.07645635606865064,-0.07991644775018336,-0.07991644775018336,-0.07991644775018336
2022-07-22,-0.0731004612762075,-0.07664297088044913,-0.07664297088044913,-0.07664297088044913
2022-07-25,-0.07460117612035655,-0.07830111340273738,-0.07830111340273738,-0.07830111340273738
2022-07-26,-0.08275081414006003,-0.08652303345004209,-0.08652303345004209,-0.08652303345004209
2022-07-27,-0.07354245153778582,-0.07742250864467293,-0.07742250864467293,-0.07742250864467293
2022-07-28,-0.07153086873255343,-0.07564523922634692,-0.07564523922634692,-0.07564523922634692
2022-07-29,-0.06349640874904072,-0.06744263461932809,-0.06744263461932809,-0.06744263461932809
2022-09-01,-0.07662390056634272,-0.08031862036462323,-0.08031862036462323,-0.08031862036462323
2022-09-02,-0.08822188912221895,-0.09248769665591972,-0.09248769665591972,-0.09248769665591972
2022-09-05,-0.0890453323136372,-0.09353638981541623,-0.09353638981541623,-0.09353638981541623
2022-09-06,-0.09147839580061301,-0.09612872473527312,-0.09612872473527312,-0.09612872473527312
2022-09-07,-0.10281975065911209,-0.1071673586846622,-0.1071673586846622,-0.1071673586846622
2022-09-08,-0.09081133955081422,-0.09513309960519023,-0.09513309960519023,-0.09513309960519023
2022-09-12,-0.07860668094118539,-0.08285090606573176,-0.08285090606573176,-0.08285090606573176
2022-09-13,-0.07918756548412687,-0.08359726014704583,-0.08359726014704583,-0.08359726014704583
2022-09-14,-0.09037449806896392,-0.0943555134452202,-0.0943555134452202,-0.0943555134452202
2022-09-15,-0.09066341340026385,-0.09472755633827679,-0.09472755633827679,-0.09472755633827679
2022-09-16,-0.09760895658167146,-0.10144056803890045,-0.10144056803890045,-0.10144056803890045
2022-09-19,-0.10920155345033866,-0.11417736105614307,-0.11417736105614307,-0.11417736105614307
2022-09-20,-0.10584525844493098,-0.11081108875559942,-0.11081108875559942,-0.11081108875559942
2022-09-21,-0.11326538556426746,-0.11790815384277575,-0.11790815384277575,-0.11790815384277575
2022-09-22,-0.11942834283922121,-0.12393889481403186,-0.12393889481403186,-0.12393889481403186
2022-09-23,-0.13117983681802348,-0.13609673389649424,-0.13609673389649424,-0.13609673389649424
2022-09-26,-0.15767166898011897,-0.16292651919197565,-0.16292651919197565,-0.16292651919197565
2022-09-27,-0.15715810521884166,-0.16213385569576777,-0.16213385569576777,-0.16213385569576777
2022-09-28,-0.18930636554084346,-0.19511270226325106,-0.19511270226325106,-0.19511270226325106
2022-09-29,-0.17921580111221136,-0.1848835152433097,-0.1848835152433097,-0.1848835152433097
2022-09-30,-0.18110043018624844,-0.18646639659822528,-0.18646639659822528,-0.18646639659822528
2022-10-03,-0.18873231675563296,-0.19458725935623866,-0.19458725935623866,-0.19458725935623866
2022-10-04,-0.1735183083889591,-0.17967350477842448,-0.17967350477842448,-0.17967350477842448
2022-10-05,-0.16126355006554316,-0.16784242172556973,-0.16784242172556973,-0.16784242172556973
2022-10-06,-0.15660274012596465,-0.16300418841581743,-0.16300418841581743,-0.16300418841581743
2022-10-07,-0.16380633218063423,-0.17036864671336416,-0.17036864671336416,-0.17036864671336416
2022-10-11,-0.1899191214319077,-0.19660035404368226,-0.19660035404368226,-0.19660035404368226
2022-10-12,-0.18894748505035752,-0.1954811307444837,-0.1954811307444837,-0.1954811307444837
2022-10-13,-0.21436820833607573,-0.2213644004789328,-0.2213644004789328,-0.2213644004789328
2022-10-14,-0.19838231685714425,-0.2054044979179983,-0.2054044979179983,-0.2054044979179983
2022-10-17,-0.2090155079150775,-0.21602014207675857,-0.21602014207675857,-0.21602014207675857
2022-10-18,-0.202841580597928,-0.20991562946954123,-0.20991562946954123,-0.20991562946954123
2022-10-19,-0.20741299770657406,-0.21478151737076645,-0.21478151737076645,-0.21478151737076645
2022-10-20,-0.21579807816786112,-0.22352768391087652,-0.22352768391087652,-0.22352768391087652
2022-10-21,-0.22532421402762792,-0.23395028706543897,-0.23395028706543897,-0.23395028706543897
2022-10-24,-0.21844266647457666,-0.22695356044100978,-0.22695356044100978,-0.22695356044100978
2022-10-25,-0.22509372654405602,-0.23341536028525622,-0.23341536028525622,-0.23341536028525622
2022-10-26,-0.2227495758811544,-0.23114125592881263,-0.23114125592881263,-0.23114125592881263
2022-10-27,-0.20742386883291164,-0.21545369984684593,-0.21545369984684593,-0.21545369984684593
2022-10-28,-0.21694262654169405,-0.22520466462129862,-0.22520466462129862,-0.22520466462129862
2022-10-31,-0.21190305222811578,-0.22003447643141882,-0.22003447643141882,-0.22003447643141882
2022-11-01,-0.20574024869606022,-0.2141531452717651,-0.2141531452717651,-0.2141531452717651
2022-11-02,-0.1986927864139365,-0.20740211954401955,-0.20740211954401955,-0.20740211954401955
2022-11-03,-0.20333139280694168,-0.21218580896802752,-0.21218580896802752,-0.21218580896802752
2022-11-04,-0.19027642561671831,-0.1991484697450041,-0.1991484697450041,-0.1991484697450041
2022-11-07,-0.17979188176969418,-0.1887189468073669,-0.1887189468073669,-0.1887189468073669
2022-11-08,-0.1719184124849512,-0.18084790642688897,-0.18084790642688897,-0.18084790642688897
2022-11-09,-0.15566472647801877,-0.16550281735137795,-0.16550281735137795,-0.16550281735137795
2022-11-10,-0.153562050277687,-0.16314663069821844,-0.16314663069821844,-0.16314663069821844
2022-11-11,-0.1271092002644848,-0.1374760554692085,-0.1374760554692085,-0.1374760554692085
2022-11-14,-0.11395997376911804,-0.12441721647972415,-0.12441721647972415,-0.12441721647972415
2022-11-15,-0.10836004422491308,-0.11913153337458049,-0.11913153337458049,-0.11913153337458049
2022-11-16,-0.10049257845006121,-0.11139532277541175,-0.11139532277541175,-0.11139532277541175
2022-11-17,-0.10091453198414091,-0.11185630950446512,-0.11185630950446512,-0.11185630950446512
2022-11-18,-0.10223243519796521,-0.11344871128506917,-0.11344871128506917,-0.11344871128506917
2022-11-21,-0.09964701470710557,-0.1107469708449591,-0.1107469708449591,-0.1107469708449591
2022-11-22,-0.1034915232421253,-0.11460354350215629,-0.11460354350215629,-0.11460354350215629
2022-11-23,-0.09086786117282797,-0.1018624000499021,-0.1018624000499021,-0.1018624000499021
2022-11-24,-0.08103092719768368,-0.09198056609163718,-0.09198056609163718,-0.09198056609163718
2022-11-25,-0.09045956272203504,-0.10120527736890594,-0.10120527736890594,-0.10120527736890594
2022-11-28,-0.09585276981188817,-0.10664630266480546,-0.10664630266480546,-0.10664630266480546
2022-11-29,-0.08202573200558372,-0.09295931450780193,-0.09295931450780193,-0.09295931450780193
2022-11-30,-0.07089575612214971,-0.08204519044616676,-0.08204519044616676,-0.08204519044616676
2022-12-01,-0.06810456560435363,-0.07873758884888549,-0.07873758884888549,-0.07873758884888549
2022-12-02,-0.07096859249944831,-0.08176523398970703,-0.08176523398970703,-0.08176523398970703
2022-12-05,-0.06577794878020826,-0.07635125180946156,-0.07635125180946156,-0.07635125180946156
2022-12-06,-0.07999293309550837,-0.09049356379145557,-0.09049356379145557,-0.09049356379145557
2022-12-07,-0.08456515887985316,-0.09526419108705786,-0.09526419108705786,-0.09526419108705786
2022-12-08,-0.09010408260073577,-0.1010275932214093,-0.1010275932214093,-0.1010275932214093
2022-12-09,-0.08054954087969546,-0.09188702511617697,-0.09188702511617697,-0.09188702511617697
2022-12-12,-0.0862102418398144,-0.09737882383004892,-0.09737882383004892,-0.09737882383004892
2022-12-13,-0.08832342609437482,-0.09979731036121275,-0.09979731036121275,-0.09979731036121275
2022-12-14,-0.07931128085856731,-0.09079966785581817,-0.09079966785581817,-0.09079966785581817
2022-12-15,-0.08143204305499352,-0.09331004656843833,-0.09331004656843833,-0.09331004656843833
2022-12-16,-0.0815828455027382,-0.09463151720532548,-0.09463151720532548,-0.09463151720532548
2022-12-19,-0.08849869358019591,-0.10113566625716575,-0.10113566625716575,-0.10113566625716575
2022-12-20,-0.1039674877256338,-0.1169528397419275,-0.1169528397419275,-0.1169528397419275
2022-12-21,-0.0965880932218377,-0.11010068164474573,-0.11010068164474573,-0.11010068164474573
2022-12-22,-0.07534739362829701,-0.0895967489555386,-0.0895967489555386,-0.0895967489555386
2022-12-23,-0.08409204429886907,-0.0984187386204407,-0.0984187386204407,-0.0984187386204407
2022-12-26,-0.08353547109958237,-0.09703612812310725,-0.09703612812310725,-0.09703612812310725
2022-12-27,-0.08064047922959572,-0.09401778939849559,-0.09401778939849559,-0.09401778939849559
2022-12-28,-0.0942869674218253,-0.10737413931545536,-0.10737413931545536,-0.10737413931545536
2022-12-29,-0.0972493601349268,-0.11045874075245277,-0.11045874075245277,-0.11045874075245277
2022-12-30,-0.09611586995000765,-0.10939701878720265,-0.10939701878720265,-0.10939701878720265
2023-02-01,-0.08996518748045446,-0.10335494037040571,-0.10347031169811438,-0.10347031169811438
2023-02-02,-0.07733985274218214,-0.09121650330749986,-0.09125433836713848,-0.09125433836713848
2023-02-03,-0.07736699651698054,-0.09141021685564632,-0.09147265371509417,-0.09147265371509417
2023-02-06,-0.08493116512619647,-0.09865133109393742,-0.09865685414678393,-0.09865685414678393
2023-02-07,-0.08149459422354866,-0.09524843412106931,-0.0952966956568525,-0.0952966956568525
2023-02-08,-0.0739002482382004,-0.08770777820368658,-0.08766092439940132,-0.08766092439940132
2023-02-09,-0.07800463094095988,-0.09165665970653447,-0.09164351390642367,-0.09164351390642367
2023-02-10,-0.08457361507269934,-0.09774057701613947,-0.09781428409549975,-0.09781428409549975
2023-02-13,-0.09071162808559252,-0.10343447414885854,-0.10365270532591142,-0.10365270532591142
2023-02-14,-0.08025621433692975,-0.09345255851915635,-0.09374806974921901,-0.09374806974921901
2023-02-15,-0.08651152615866631,-0.09953600699756182,-0.09987112450490587,-0.09987112450490587
2023-02-16,-0.07782951672993144,-0.09119909718963448,-0.09141376867221196,-0.09141376867221196
2023-02-17,-0.07803812601949567,-0.09124490458310253,-0.09139063274048831,-0.09139063274048831
2023-02-20,-0.07246688476042185,-0.08570206041713602,-0.0858606425822721,-0.0858606425822721
2023-02-21,-0.06923654982877514,-0.08310043161209169,-0.08332853759097758,-0.08332853759097758
2023-02-22,-0.07965588281695835,-0.09322615598374173,-0.09353606085969901,-0.09353606085969901
2023-02-23,-0.06500033462346388,-0.07908083765229512,-0.07942551062469227,-0.07942551062469227
2023-02-24,-0.06557907474203284,-0.07973661937875087,-0.08021626217380307,-0.08021626217380307
2023-04-06,-0.06721139701919898,-0.0812921254813711,-0.08176102341151958,-0.08176102341151958
2023-04-07,-0.06418503645172868,-0.07820913087261616,-0.07872620659918916,-0.07872620659918916
2023-04-10,-0.05789288143293947,-0.0737570250213756,-0.07363778864972459,-0.07363778864972459
2023-04-11,-0.054382668617095176,-0.07036646515783462,-0.07029875899353433,-0.07029875899353433
2023-04-12,-0.04972787556183056,-0.06582380932659515,-0.065745798103784,-0.065745798103784
2023-04-13,-0.048013968144029584,-0.06378711255156022,-0.06407708225246656,-0.06407708225246656
2023-04-14,-0.0404859077251809,-0.057096946283100025,-0.05724272923898266,-0.05724272923898266
2023-04-17,-0.0406159312060026,-0.05729063739473794,-0.057381870839069316,-0.057381870839069316
2023-04-18,-0.04868021914733878,-0.06475069049372995,-0.06499676568511159,-0.06499676568511159
2023-04-19,-0.047448858041636566,-0.06413242220424564,-0.06411689928258368,-0.06411689928258368
2023-04-20,-0.05320571376755168,-0.06990002452804434,-0.0698773759861635,-0.0698773759861635
2023-04-21,-0.06687916093785329,-0.08321028382868068,-0.0834044187440669,-0.0834044187440669
2023-04-24,-0.05872471152533176,-0.07597361593699858,-0.07594012585114951,-0.07594012585114951
2023-04-25,-0.07586890595264617,-0.09201963481951791,-0.0923734763373324,-0.0923734763373324
2023-04-26,-0.07504918661255766,-0.09194761684622876,-0.09205392857898054,-0.09205392857898054
2023-04-27,-0.07148095193420623,-0.08882791045002891,-0.0886868752505321,-0.0886868752505321
2023-04-28,-0.06216075761982931,-0.07957848822768643,-0.07946443404792058,-0.07946443404792058
2023-06-01,-0.05763117860050504,-0.07532713726080265,-0.0763535323411646,-0.0763535323411646
2023-06-02,-0.04536922881957839,-0.063470608208404,-0.06480367474475024,-0.06480367474475024
2023-06-05,-0.04604776265811317,-0.06379176325813551,-0.06448521685740505,-0.06448521685740505
2023-06-06,-0.040315691953209054,-0.05831567253141845,-0.058969839058467755,-0.058969839058467755
2023-06-07,-0.03349917011379522,-0.05228507534170579,-0.05310649908877707,-0.05310649908877707
2023-06-08,-0.040815565256229314,-0.05907304972863214,-0.059326281546399406,-0.059326281546399406
2023-06-09,-0.022741911390459557,-0.0417417503560914,-0.043967297524479254,-0.043967297524479254
2023-06-12,-0.029482808703124253,-0.048166759672420234,-0.049438177369096836,-0.049438177369096836
2023-06-13,-0.01589482195934322,-0.035969626368924756,-0.038733358339317236,-0.038733358339317236
2023-06-14,-0.0001430818372468723,-0.02144575802733273,-0.026507759111868423,-0.026507759111868423
2023-06-15,0.0,-0.00950734349817639,-0.016989097901243477,-0.016989097901243477
2023-06-16,0.0,-0.006487998483223012,-0.013959153251345113,-0.013959153251345113
2023-06-19,0.0,-0.00645103296416738,-0.013996799341471022,-0.013996799341471022
2023-06-20,-0.00799716099730996,-0.013902354509674364,-0.02067274535531327,-0.02067274535531327
2023-06-21,0.0,-0.00422863714459687,-0.01291689906686777,-0.01291689906686777
2023-06-26,-0.003863958558802949,-0.007940179868942243,-0.016224128873502552,-0.016224128873502552
2023-06-27,-0.017752492989218438,-0.020504711951930044,-0.027086626106387568,-0.027086626106387568
2023-06-28,-0.009475797074039338,-0.01318328316782802,-0.02055512061680942,-0.02055512061680942
2023-06-29,-0.0030718352954570705,-0.006716961636409113,-0.014653801852397175,-0.014653801852397175
2023-06-30,0.0,0.0,-0.003947271591423385,-0.003947271591423385
2023-07-03,0.0,0.0,0.0,0.0
2023-07-04,0.0,0.0,0.0,0.0
2023-07-05,-0.002707373299920768,-0.002900819105934316,-0.0026322153166682405,-0.0026322153166682405
2023-07-06,-0.009106177490002643,-0.013901567984708763,-0.012882493812869766,-0.012882493812869766
2023-07-07,-0.010363026072627624,-0.018090514216221876,-0.016392538343608987,-0.016392538343608987
2023-07-10,-0.01862200544325132,-0.0236422545853473,-0.02302668145871234,-0.02302668145871234
2023-07-11,0.0,0.0,0.0,0.0
2023-07-12,0.0,0.0,0.0,0.0
2023-07-13,0.0,0.0,0.0,0.0
2023-07-14,0.0,0.0,0.0,0.0
2023-07-17,-0.00013839761899381298,0.0,0.0,0.0
2023-07-18,-0.007465600985164023,-0.0014574130358305792,-0.002483996757421947,-0.002483996757421947
2023-07-19,-0.02042676344603045,-0.011149856364983668,-0.011489181579341645,-0.011489181579341645
2023-07-20,0.0,0.0,0.0,0.0
2023-07-21,0.0,0.0,0.0,0.0
2023-07-24,0.0,0.0,0.0,0.0
2023-07-25,-0.0040642029213623365,0.0,0.0,0.0
2023-07-26,0.0,0.0,0.0,0.0
2023-07-27,-0.002662903789462323,-0.0015226626490691952,-1.927776581112095e-05,-1.927776581112095e-05
2023-07-28,0.0,0.0,0.0,0.0
2023-07-31,-0.03944910853880523,-0.034797838605198805,-0.031091956498871642,-0.031091956498871642
2023-08-01,-0.032719699131933955,-0.028052194701923217,-0.024289771747577515,-0.024289771747577515
2023-08-02,-0.0539250966304593,-0.04939474305751701,-0.04460113133600163,-0.04460113133600163
2023-08-04,-0.05050857715684287,-0.0456003838820036,-0.04120133304305029,-0.04120133304305029
2023-08-07,-0.04242015754979234,-0.03820094491937587,-0.03514876762330077,-0.03514876762330077
2023-08-08,-0.04438766044232423,-0.04017423011108301,-0.036911083209682394,-0.036911083209682394
2023-08-09,-0.04617733424711956,-0.0420184821835029,-0.03856925539940159,-0.03856925539940159
2023-08-10,-0.05920452818012889,-0.05488074875012383,-0.05020362470749962,-0.05020362470749962
2023-08-11,-0.05398844326466412,-0.04996506532414935,-0.04614900398265753,-0.04614900398265753
2023-08-14,-0.06534348120538891,-0.06179883841185774,-0.05942175480399081,-0.05942175480399081
2023-08-15,-0.06044049550286845,-0.05747975070258082,-0.05544711152068893,-0.05544711152068893
2023-08-16,-0.059442481980814366,-0.056931669907618554,-0.056303187615294514,-0.056303187615294514
2023-08-17,-0.060450065994724134,-0.057984617725724386,-0.05751441399861945,-0.05751441399861945
2023-08-18,-0.06726613946477977,-0.06432633276107624,-0.06298280804994516,-0.06298280804994516
2023-08-21,-0.06640554494970285,-0.06388481920724276,-0.062124468053814996,-0.062124468053814996
2023-08-22,-0.06360371031548606,-0.06120336149392813,-0.05991545451774294,-0.05991545451774294
2023-08-23,-0.060194961077830955,-0.05865122946127688,-0.05744093564048591,-0.05744093564048591
2023-08-24,-0.05558675293655968,-0.054616997736646966,-0.05351510901582812,-0.05351510901582812
2023-08-25,-0.06735583723047767,-0.06614966633206698,-0.06416039349660874,-0.06416039349660874
2023-08-28,-0.06628741327619281,-0.06535182564722031,-0.06289453032507453,-0.06289453032507453
2023-08-29,-0.05949139426738359,-0.05837564272176554,-0.05620972859096496,-0.05620972859096496
2023-08-30,-0.04706186517691735,-0.04654420555291261,-0.04417882413014218,-0.04417882413014218
2023-08-31,-0.04637482745429666,-0.046455528473430485,-0.04461234469595643,-0.04461234469595643
2023-09-01,-0.046539392990893935,-0.04655312768348785,-0.044789810488174986,-0.044789810488174986
2023-09-04,-0.04247578599384916,-0.04236640616017129,-0.03997899528354609,-0.03997899528354609
2023-09-05,-0.04396139353444373,-0.04360935873216565,-0.04121340148545738,-0.04121340148545738
2023-09-06,-0.04752742608086313,-0.047229723460456285,-0.04521147363435973,-0.04521147363435973
2023-09-07,-0.05256705903310033,-0.05215783874084301,-0.050453893695381336,-0.050453893695381336
2023-09-08,-0.05370208455777381,-0.05327535609063583,-0.05132867022831378,-0.05132867022831378
2023-09-11,-0.06290511061792681,-0.06227407576434074,-0.06028470374185757,-0.06028470374185757
2023-09-12,-0.06021765821441771,-0.059607137061064686,-0.0572055148806484,-0.0572055148806484
2023-09-13,-0.05314493550626809,-0.05236887996952011,-0.05043419411869576,-0.05043419411869576
2023-09-14,-0.040922473125279635,-0.040174904185104277,-0.0377981531795023,-0.0377981531795023
2023-09-15,-0.03413478083851873,-0.03325671797046592,-0.030592867188215078,-0.030592867188215078
2023-09-18,-0.04362409695234237,-0.042851318867477395,-0.04002720791629,-0.04002720791629
2023-09-19,-0.04746646764397555,-0.04668671191402329,-0.044118400178641104,-0.044118400178641104
2023-09-20,-0.050539593386512704,-0.04976710352271363,-0.0469528729749602,-0.0469528729749602
2023-09-21,-0.062398681339497886,-0.06162070236918049,-0.0588704618105067,-0.0588704618105067
2023-09-22,-0.05960624189815078,-0.058625669822502835,-0.05605587233626086,-0.05605587233626086
2023-09-25,-0.05494398830948444,-0.054052872497459936,-0.051452783524702395,-0.051452783524702395
2023-09-26,-0.06554086581062801,-0.06457613555750263,-0.06201556801813235,-0.06201556801813235
2023-09-27,-0.06081620666991705,-0.05990247639232826,-0.05762145157225795,-0.05762145157225795
2023-09-28,-0.060899874133651055,-0.059876571144457325,-0.05790533129433584,-0.05790533129433584
2023-11-01,-0.0550128129722014,-0.05410353082209307,-0.051789440872642145,-0.051789440872642145
2023-11-02,-0.038756908876400376,-0.03816377487534339,-0.03591611398215411,-0.03591611398215411
2023-11-03,-0.02618643889270389,-0.026067010753064945,-0.023973889764826506,-0.023973889764826506
2023-11-06,-0.014227641201936758,-0.014169079825916975,-0.01267090206438326,-0.01267090206438326
2023-11-07,-0.013165302416895286,-0.01327944515432855,-0.011958376926586856,-0.011958376926586856
2023-11-08,-0.011440902461557712,-0.011795904593032813,-0.010209123957544697,-0.010209123957544697
2023-11-09,-0.007477958425821107,-0.007929605076627766,-0.00645150138808237,-0.00645150138808237
2023-11-10,-0.01665466361092438,-0.01730887818504645,-0.015354398994933294,-0.015354398994933294
2023-11-13,-0.01177639393525598,-0.012890708960216823,-0.011104340150346115,-0.011104340150346115
2023-11-14,-0.00965964279339171,-0.010805904933352095,-0.008937525666155799,-0.008937525666155799
2023-11-15,0.0,0.0,0.0,0.0
2023-11-16,0.0,-3.067667520539885e-05,0.0,0.0
2023-11-17,0.0,0.0,0.0,0.0
2023-11-20,-0.00011278240318657318,-6.697511575304294e-05,-0.00028161442997343133,-0.00028161442997343133
2023-11-21,0.0,0.0,0.0,0.0
2023-11-22,-0.006669719476876557,-0.0065574741625943345,-0.006575413491131221,-0.006575413491131221
2023-11-23,-0.005379910803872789,-0.005058134165187189,-0.005351801918770049,-0.005351801918770049
2023-11-24,-0.00897843225514372,-0.008475539147843159,-0.008753317167434882,-0.008753317167434882
2023-11-27,-0.01482744009792758,-0.013890260099754692,-0.014143917261300043,-0.014143917261300043
2023-11-28,-0.00691586002114386,-0.006005637246975115,-0.006055424253682995,-0.006055424253682995
2023-11-29,-0.006227520844293455,-0.0056050014751909405,-0.005819651676634785,-0.005819651676634785
2023-11-30,-0.005323768133842721,-0.004657779022779307,-0.004600924553054941,-0.004600924553054941
2023-12-01,-0.002416730144557566,-0.0020676371515195857,-0.0022806186657945426,-0.0022806186657945426
2023-12-04,0.0,0.0,0.0,0.0
2023-12-05,-0.008676328397755784,-0.008842288557068367,-0.008935472871718253,-0.008935472871718253
2023-12-06,-0.008480859321493894,-0.00878111637257939,-0.00873939427183279,-0.00873939427183279
2023-12-07,-0.012308010167259464,-0.012648216399133938,-0.012430971380869682,-0.012430971380869682
2023-12-08,-0.005965496031354323,-0.006657169884252356,-0.006489451974601934,-0.006489451974601934
2023-12-11,-0.008055446314616965,-0.008953707558792767,-0.009119999214092345,-0.009119999214092345
2023-12-12,-0.007200622467665285,-0.008261745325495173,-0.00849254095325569,-0.00849254095325569
2023-12-13,-0.007598497307062524,-0.008633180391584783,-0.008781212262714,-0.008781212262714
2023-12-14,-0.0001664296345160743,-0.000990920212785018,-0.0010121719115799843,-0.0010121719115799843
2023-12-15,0.0,0.0,0.0,0.0
2023-12-18,0.0,0.0,0.0,0.0
2023-12-19,-0.004544686041075607,-0.0048580445447290455,-0.004966006123582334,-0.004966006123582334
2023-12-20,0.0,0.0,0.0,0.0
2023-12-21,0.0,0.0,0.0,0.0
2023-12-22,0.0,0.0,0.0,0.0
2023-12-25,-0.0074677484371146186,-0.00673055204388906,-0.006215936335961625,-0.006215936335961625
2023-12-26,0.0,0.0,0.0,0.0
2023-12-27,0.0,0.0,0.0,0.0
2023-12-28,-0.0026911063514818423,-0.0025083102993413986,-0.002249309019767498,-0.002249309019767498
2023-12-29,-6.267712494378852e-05,0.0,0.0,0.0
2024-02-01,0.0,0.0,0.0,0.0
2024-02-02,-0.0005679342546665023,-0.0010799686682592124,-0.0008914428513647765,-0.0005290072140849977
2024-02-05,0.0,0.0,0.0,0.0
2024-02-15,0.0,0.0,0.0,0.0
2024-02-16,-0.0014729970327619357,-0.0014080627870113327,-0.0015133862523557529,-0.001842546978015669
2024-02-19,0.0,0.0,0.0,0.0
2024-02-20,0.0,0.0,0.0,0.0
2024-02-21,-0.0061744054168629825,-0.006053750285585968,-0.006148065235742739,-0.006332883961749469
2024-02-22,-0.0003431338402347661,-0.00013268225972096204,-0.0005167644715866615,-0.0008453209275463003
2024-02-23,-0.00016187676840428988,-0.0005198967501297558,-0.000957176359782097,-0.0018502732461264104
2024-02-26,0.0,0.0,0.0,0.0
2024-02-27,-0.007826223343411542,-0.007755598986851742,-0.007991215298099319,-0.008250313261534026
2024-02-29,0.0,0.0,0.0,0.0
2024-03-01,-0.003954119766867437,-0.003533865566492045,-0.0033344320564255847,-0.003265686245616073
2024-03-04,0.0,0.0,0.0,0.0
2024-03-05,0.0,0.0,0.0,0.0
2024-03-06,0.0,0.0,0.0,0.0
2024-03-07,0.0,0.0,0.0,0.0
2024-03-08,-0.0039200938509073024,-0.004130942944268079,-0.0044747205951999325,-0.004366298825801862
2024-03-11,-0.0027114966556189835,-0.0025009258044820237,-0.003306038169529013,-0.003094711378385684
2024-03-12,0.0,0.0,0.0,0.0
2024-03-13,-0.0052604308282092616,-0.00538325818282992,-0.005694818992998951,-0.005723063976130094
2024-03-14,-0.011172191998456205,-0.011352649150864758,-0.011741021826878417,-0.011698387727104187
2024-03-15,-0.015760183749034207,-0.015637188691364767,-0.016794549244975143,-0.016760179708498413
2024-03-18,-0.014936153206438152,-0.015211472864409825,-0.01687739669571986,-0.017066802720521745
2024-03-19,-0.011501457069733823,-0.011821679069769053,-0.013528399552302894,-0.013629190688168147
2024-03-20,-0.017186736988341833,-0.017360657854801564,-0.01901606397124489,-0.01914025079434889
2024-03-21,-0.004442713632640483,-0.0047059355452014895,-0.006591009100203715,-0.00667515753844683
2024-03-22,-0.004736901246865988,-0.00480444389810597,-0.006819910403158991,-0.006847583325157669
2024-03-25,-0.006826055654656105,-0.0068472223689730605,-0.00875971290790234,-0.008779590484539468
2024-03-26,-0.010903004677213057,-0.01100652437803118,-0.012794147228579744,-0.012842595579658389
2024-03-27,-0.002915024103164021,-0.003089100569213521,-0.005181881847450276,-0.005281342039927361
2024-03-28,0.0,0.0,-0.0008175008398124683,-0.0008688523318926
2024-03-29,0.0,0.0,0.0,0.0
2024-05-02,-0.00368862315581453,-0.001646836110704264,-0.002005736962291893,-0.0015457022683313948
2024-05-03,-0.0015571308648728577,0.0,0.0,0.0
2024-05-06,0.0,0.0,0.0,0.0
2024-05-07,0.0,0.0,0.0,0.0
2024-05-08,0.0,0.0,0.0,0.0
2024-05-09,0.0,0.0,0.0,0.0
2024-05-10,0.0,0.0,0.0,0.0
2024-05-13,0.0,0.0,0.0,0.0
2024-05-14,0.0,0.0,0.0,0.0
2024-05-15,0.0,0.0,0.0,0.0
2024-05-16,0.0,0.0,0.0,0.0
2024-05-17,-0.002747827624726251,0.0,0.0,0.0
2024-05-20,-0.0022907069540596403,-0.0008632510611773503,-0.0007177289933941733,-0.0011208265030778763
2024-05-21,-0.013609572331217734,-0.010984824158655426,-0.010857570348366319,-0.010992805027204455
2024-05-22,-0.0014283738214718733,-0.0006457122992674647,-9.59115457523918e-05,-0.0007344803956674806
2024-05-23,-0.002256640491710704,-0.0009633159235260536,-0.0005213918020872121,-0.001064889180711348
2024-05-24,0.0,0.0,0.0,0.0
2024-05-27,0.0,0.0,0.0,0.0
2024-05-28,0.0,0.0,0.0,0.0
2024-05-29,-0.014200336818790293,-0.01353685966665441,-0.013641789280318894,-0.013515479614917059
2024-05-30,-0.020710530567158325,-0.02284475038180367,-0.022822695907826485,-0.023115023229251963
2024-05-31,-0.03963900578046631,-0.034184035319031136,-0.034482230757330035,-0.03332969884602788
2024-06-03,-0.027972987804782745,-0.02253931826651434,-0.023458823294389752,-0.02217861846804514
2024-06-04,-0.037231108588869355,-0.03202876414048961,-0.03261796515547244,-0.03128854628815103
2024-06-05,-0.030044858011006537,-0.024501890117773484,-0.02534076947424513,-0.02386053823102996
2024-06-06,-0.016687644866235085,-0.011023449129665908,-0.01249137961753144,-0.01077049038430622
2024-06-07,-0.012080747139821546,-0.006591168982780005,-0.007847921367372113,-0.0062322448119344065
2024-06-11,-0.019970194446741307,-0.015014253714932813,-0.016337814841756115,-0.015393439172024181
2024-06-12,-0.02101594313618116,-0.016341253988483295,-0.01811817652240555,-0.017612013433702556
2024-06-13,-0.010646143292986743,-0.005847743289354668,-0.008349155053884227,-0.007737156773179987
2024-06-14,0.0,0.0,0.0,0.0
2024-06-17,-0.0009882227130433296,-0.0012512908234024733,-0.0011105538744780041,-0.0013024065090633252
2024-06-18,0.0,0.0,0.0,0.0
2024-06-19,0.0,0.0,0.0,0.0
2024-06-20,0.0,0.0,0.0,0.0
2024-06-21,-0.006375750719715967,-0.006080787186760417,-0.0056132477516105395,-0.005506028346595526
2024-06-24,-0.020136983339400727,-0.01967482331805359,-0.018614971216289522,-0.018646187194265917
2024-06-25,-0.020409071857002248,-0.019757330553845875,-0.01863292308380793,-0.018689158592605115
2024-06-26,-0.017680224619986085,-0.017587034245992395,-0.016521954190035215,-0.016623882251954325
2024-06-27,-0.01844722229378426,-0.018342379028216116,-0.017204794675494517,-0.017356015558874227
2024-06-28,-0.01407730676168717,-0.014224639803567252,-0.013161491577889928,-0.013359345342862872
2024-08-01,0.0,0.0,0.0,0.0
2024-08-02,-0.03210910388887667,-0.032021809891365716,-0.032272786045052126,-0.03260956082358624
2024-08-05,-0.10748015002692202,-0.10725117429182485,-0.10759873145837362,-0.10808435735220345
2024-08-06,-0.08890541500741,-0.08841514391613825,-0.08881940587204207,-0.08952098091256833
2024-08-07,-0.05348136879873644,-0.05302306878813834,-0.05354939578986451,-0.05401948074547969
2024-08-08,-0.06574184781543158,-0.06567359920014981,-0.0663769540519854,-0.06692769644965468
2024-08-09,-0.04927453452795294,-0.04917732223252269,-0.05003247205885253,-0.05083699791187268
2024-08-12,-0.029306153833465354,-0.028771887597467072,-0.029692204934220867,-0.030079986653950175
2024-08-13,-0.03191073591755089,-0.031603387535742766,-0.032517372742800976,-0.0329058520016392
2024-08-14,-0.023561828090241543,-0.023197420828299453,-0.024270146805179582,-0.02470737063950812
2024-08-15,-0.0262960399116986,-0.025798876792981984,-0.026958754945082486,-0.027387878288196776
2024-08-16,-0.010687339906990556,-0.010263121146872,-0.011332522778102927,-0.011506648322131552
2024-08-19,-0.0122546601396335,-0.011687067546006125,-0.012973043929067507,-0.01328038293837197
2024-08-20,-0.009437900792082732,-0.008717676469341296,-0.010135404202566645,-0.0103607771042179
2024-08-21,-0.014772560281623104,-0.013909782454104236,-0.015396315766999291,-0.015638133417856914
2024-08-22,-0.015748630819873655,-0.014881277274368943,-0.016450381623382637,-0.01665429280648778
2024-08-23,-0.015935412883791744,-0.01512376484241773,-0.016657792682416295,-0.01672602155984393
2024-08-26,-0.009722398756130124,-0.008987599472520258,-0.010494490760188602,-0.010667807045364186
2024-08-27,-0.013985308848283085,-0.013250973280563794,-0.014733727374554806,-0.014844478552370699
2024-08-28,-0.009644126282611132,-0.009035894670547995,-0.010456745328718653,-0.010619643326485129
2024-08-29,-0.011731969729050329,-0.010805012260592939,-0.012394396979524602,-0.012504552163737248
2024-08-30,-0.006667416019156214,-0.005672281957281755,-0.0072933008023359225,-0.007456412980826332
2024-10-01,0.0,0.0,0.0,0.0
2024-10-04,-0.01863662361969176,-0.018794694702915615,-0.0191904287010769,-0.019083174065925634
2024-10-07,-0.012846490168737179,-0.013199087962386447,-0.01369069617374885,-0.013666395734079462
2024-10-08,-0.015130592247705521,-0.01590470171147862,-0.016446607389104084,-0.016412137685408945
2024-10-09,-0.018673239105332584,-0.019742755828510816,-0.020588264660950206,-0.02061410554446541
2024-10-11,-0.009185223712111612,-0.010346327538392375,-0.01143168171685005,-0.011533434156534073
2024-10-14,-0.005992806609174783,-0.007543389897826547,-0.008878510348290014,-0.00896285144777731
2024-10-15,0.0,0.0,0.0,0.0
2024-10-16,-0.004926057261489758,-0.004868694049043776,-0.004862126076136453,-0.00482212546662375
2024-10-17,0.0,0.0,0.0,0.0
2024-10-18,0.0,0.0,0.0,0.0
2024-10-21,0.0,0.0,0.0,0.0
2024-10-22,0.0,0.0,0.0,0.0
2024-10-23,-0.0025692410512824226,-0.002801137005198129,-0.0030119480708049595,-0.0030710300209081387
2024-10-24,-0.007656575906857643,-0.008035829206969214,-0.00825093628928808,-0.008227753063866139
2024-10-25,-0.0021107023897557475,-0.0023787433469111274,-0.002671992836637549,-0.002686627338705838
2024-10-28,-0.000777697292170143,-0.0010417894256585791,-0.0012250565859399654,-0.0012647120222788466
2024-10-29,-0.012378743636589196,-0.01263745309166786,-0.012905608704007476,-0.012886630266456645
2024-10-30,-0.014636581774103985,-0.01503838283231762,-0.015310893522361813,-0.015334124390177117
2025-01-02,-0.014825302451757616,-0.015109749917936788,-0.015376961863509342,-0.015832270482348254
2025-01-03,-0.008711750929910278,-0.009386533110748552,-0.009905362943209872,-0.010594603795480939
2025-01-06,0.0,0.0,0.0,0.0
2025-01-07,0.0,0.0,0.0,0.0
2025-01-08,-0.0013051070579971347,-0.0019185775566402663,-0.002298374351901611,-0.0026146366870077875
2025-01-09,-0.019646506130111874,-0.020724126393849907,-0.021595947830825413,-0.021836498565912077
2025-01-10,-0.01707856552224296,-0.0190672318913524,-0.020820761461223913,-0.02119099243634237
2025-01-13,-0.0295755194998506,-0.03287551598920746,-0.03543029270225562,-0.0358620245613962
2025-01-14,-0.016156242997902415,-0.019707122941234334,-0.021945768096481966,-0.022066944210001216
2025-01-15,-0.025632030352880197,-0.028856882733890754,-0.031041347784422024,-0.03090243665274295
2025-01-16,-0.019342570486837074,-0.022465832105824424,-0.024619372733858613,-0.024357853782020933
2025-01-17,-0.016878541081096654,-0.019881994420042792,-0.021970462948260994,-0.021552481599926065
2025-01-20,-0.01138329483224787,-0.014898054270021888,-0.01747579181470371,-0.01693101937186059
2025-01-21,-0.00985805792078609,-0.013297385369497983,-0.01606614764683023,-0.015831233699268532
2025-01-22,-0.007353961442299051,-0.010348851087669031,-0.013186260114124937,-0.013194774125376285
2025-04-01,0.0,0.0,0.0,0.0
2025-04-02,0.0,0.0,0.0,0.0
2025-04-07,-0.09835738968586394,-0.09836546159044834,-0.09840567182680049,-0.09839305629257122
2025-04-08,-0.1300575515280894,-0.12922120411931914,-0.12966052261975947,-0.13003382182971202
2025-04-09,-0.19186023780654227,-0.19112205220224332,-0.19184336420504655,-0.1923112944488541
2025-04-10,-0.11708531497028696,-0.11637755435493047,-0.11726873189971232,-0.1178426596419202
2025-04-11,-0.08177089447224162,-0.0819002337754946,-0.08331671475281666,-0.08385378331338467
2025-04-14,-0.06503332490157798,-0.06557790357933924,-0.06695684422093962,-0.0673403812127974
2025-04-15,-0.04851258114238266,-0.049055517436097706,-0.05039856820554345,-0.05052237106038748
2025-04-16,-0.057972756909757006,-0.05855795722990842,-0.05944278116852686,-0.05977935969049997
2025-04-17,-0.06362421847449706,-0.0642889143121178,-0.06500626844137092,-0.0655194155451625
2025-04-18,-0.05936463736881192,-0.0603069655866425,-0.06124281756781491,-0.06159477979951222
2025-04-21,-0.0731065944153535,-0.0740475944922383,-0.07498095927204396,-0.07538282042054889
2025-04-22,-0.08857649654320476,-0.08920628544190068,-0.0899121999293323,-0.09021155535232228
2025-04-23,-0.05697094103444256,-0.05826350940051794,-0.05946326149749692,-0.059968174361050175
2025-04-24,-0.06607513184776126,-0.06726989281418438,-0.06837808205446305,-0.06874254767241994
2025-04-25,-0.052945423988800644,-0.05440872394193408,-0.055809097304329036,-0.05630630385595203
2025-04-28,-0.04659129309989196,-0.048146975703345474,-0.04938248549432733,-0.04985881000661008
2025-04-29,-0.039076125402386586,-0.04049999088858558,-0.04179254729234794,-0.04230080701538408
2025-04-30,-0.034627263938602604,-0.035729133767685384,-0.036599363791433914,-0.03733604602099316
2025-05-02,-0.01798915948206925,-0.020287595850235873,-0.02142351446775803,-0.02266636854515791
2025-05-05,-0.024310392300608608,-0.026820751852324798,-0.02795617235783443,-0.029453076575517767
2025-05-06,-0.010175464336578122,-0.013181564430849724,-0.014498231099839498,-0.01612315909296158
2025-05-07,-0.015026034136953359,-0.01798689091916117,-0.01975854714948122,-0.02115029176896166
2025-05-08,-0.013174772159096793,-0.016298030470516145,-0.017572175480020658,-0.01927967370135575
2025-05-09,-0.004945343559434545,-0.008382169852710453,-0.009681857781164704,-0.011548466562663506
2025-05-12,0.0,0.0,0.0,-0.0013659247684778553
2025-05-13,0.0,0.0,0.0,0.0
2025-05-14,0.0,0.0,0.0,0.0
2025-05-15,0.0,0.0,0.0,0.0
2025-05-16,0.0,0.0,0.0,0.0
2025-05-19,-0.01142589180999154,-0.010623630997333322,-0.010045871496798808,-0.009590891560371295
2025-05-20,-0.009164368449171678,-0.008530392352440574,-0.008632293899580201,-0.008210506084526559
2025-05-21,0.0,0.0,0.0,0.0
2025-05-22,0.0,0.0,0.0,0.0
2025-05-23,-0.005484801687051677,-0.005351815264539095,-0.005730014328128918,-0.005437308792774487
2025-05-26,-0.012383950849774839,-0.012300598781392003,-0.012668914942637666,-0.012765637477554548
2025-05-27,-0.022309631969935295,-0.02229891869557199,-0.02290649798935296,-0.022936540314691056
2025-05-28,-0.022604354513855673,-0.022352315447075388,-0.022648220048570256,-0.022910800440908763
2025-05-29,-0.02931237872150716,-0.02904513980505541,-0.029534548428635676,-0.029963633739503392
2025-07-01,-0.022964353206049615,-0.02281571543111227,-0.023382535285028205,-0.02393280287268551
2025-07-02,-0.017623525142083762,-0.017611829492432785,-0.018147299320301347,-0.018598270528051963
2025-07-03,-0.01159115996551674,-0.011729068265724507,-0.0124855359965943,-0.012945953057647008
2025-07-04,-0.022462394029082677,-0.022801923279449743,-0.023475006396286413,-0.024221914153430335
2025-07-07,-0.02589043484608211,-0.026158203840782934,-0.026745791894068893,-0.027658167754724294
2025-07-08,-0.03455451595709769,-0.03468111707801158,-0.035248594405344114,-0.03623418822785496
2025-07-09,-0.027639222832454236,-0.02791107418902483,-0.02823292246301512,-0.029205737602697512
2025-07-10,-0.02549502218212285,-0.025879870385081438,-0.026292943739417707,-0.027410348369144688
2025-07-11,-0.022125692181681034,-0.022579385254084094,-0.023100294494374785,-0.023905034057882024
2025-07-14,-0.025521334188282396,-0.025932682764265858,-0.026712408877920812,-0.0276426150294653
2025-07-15,-0.021345339972587696,-0.021754241537191965,-0.02246697933819375,-0.023487139992695916
2025-07-16,-0.01836356875855505,-0.018775186489489393,-0.01959918075189082,-0.02063569305914248
2025-07-17,-0.01092434219580296,-0.011652450268086367,-0.01277568212672886,-0.013561979391290113
2025-07-18,-0.007784685972863525,-0.008841696823384315,-0.009846291519033268,-0.010744178024203022
2025-07-21,-0.009337958428547899,-0.010499536320787706,-0.011711553288167309,-0.012500085680192785
2025-07-22,-0.02153629966458548,-0.022600709155771836,-0.023672170162951978,-0.024710722134634655
2025-07-23,-0.004644942958586751,-0.005817075799430804,-0.007174117513612521,-0.007985698617801296
2025-07-24,0.0,-0.0009095045817758551,-0.002241396836965781,-0.0029847092036304756
2025-07-25,-0.0001706858729504379,-0.001046665326689955,-0.0023869779863137097,-0.0031613682482226624
2025-07-28,0.0,0.0,-0.0002981041765934833,-0.001131357272937561
2025-07-29,-0.01052957956987599,-0.010307225564773814,-0.010470348505391192,-0.011237854610852804
2025-07-30,-0.004050879414640773,-0.004162882197811912,-0.004387485425600857,-0.005305043239516749
2025-07-31,-0.0056163991818091175,-0.005977420621732787,-0.006020759417752264,-0.0070030354649163185
2025-08-04,-0.009572888590602124,-0.009764859294387529,-0.010035595961904953,-0.010677368920288366
2025-08-05,0.0,0.0,0.0,0.0
2025-08-06,-0.0018282246071974484,-0.001982971592035865,-0.001754216992730817,-0.0018462581483985607
2025-08-07,-0.0016150072433342988,-0.002212039550938405,-0.0017270560097678578,-0.0019771769435685815
2025-08-08,0.0,-0.0001154283285225155,0.0,0.0
2025-08-11,0.0,0.0,0.0,0.0
2025-08-12,0.0,0.0,0.0,0.0
2025-08-13,0.0,0.0,0.0,0.0
2025-08-14,0.0,0.0,0.0,0.0
2025-08-15,-0.0017087851767095819,-0.0020525799764087305,-0.002209560176124614,-0.002387873160079157
2025-08-18,0.0,-0.00020566058148163702,-0.00014212604459007405,-0.000498651482467416
2025-08-19,-0.009746222906804602,-0.009873582099282019,-0.01009242620942985,-0.010301125429515334
2025-08-20,-0.026521102813104824,-0.02609327617778212,-0.026538104153300046,-0.02632349553478741
2025-08-21,-0.015137358022702108,-0.015157255597317731,-0.015552304027699138,-0.015563172008569714
2025-08-22,-0.021651799306559916,-0.02159110233431727,-0.02243017016675719,-0.022438825953784436
2025-08-25,-0.00982153753969961,-0.009969109167369372,-0.011368626055379916,-0.011524445532720251
2025-08-26,-0.015675220043030125,-0.01590083720120561,-0.01714420475389644,-0.017288612922810698
2025-08-27,-0.01361331782796038,-0.01380788590825821,-0.015905399307720836,-0.016047317532316363
2025-08-28,-0.018545295579127985,-0.0186705562388656,-0.020616742835313007,-0.02069887053366004
2025-08-29,-0.028148552040151875,-0.028246841906857556,-0.02945876180494611,-0.02949358310240502
2025-10-01,-0.03219615992340685,-0.032467722751112205,-0.033766859283836714,-0.03381808799012609
2025-10-02,-0.03002354458405898,-0.030784349371001274,-0.03231368806648327,-0.032474308616261216
2025-10-03,-0.026657684216650268,-0.027873220593535364,-0.02955458089558438,-0.029906648555296567
2025-10-07,-0.01873387288684869,-0.02054603105467223,-0.022224732202273723,-0.02268797864266814
2025-10-08,-0.017528957397861866,-0.019131528216399296,-0.02064602134123439,-0.021044399612906606
2025-10-09,-0.015670990659543804,-0.01728628826775247,-0.018739460307701128,-0.019138990262216105
2025-10-13,-0.02837198671746688,-0.029956705146666374,-0.03147154947474218,-0.03171372302601794
2025-10-14,-0.02730888480455096,-0.028477950964260312,-0.030272400882555783,-0.030334531792882924
2025-10-15,-0.02223130692421227,-0.024600308704056384,-0.026494312573139056,-0.026907824130809832
2025-10-16,-0.011313615869533167,-0.014712017132793909,-0.01697334208973389,-0.017646670636919937
2025-10-17,-0.008711224975997856,-0.011961666554560879,-0.014152641066111249,-0.014812711879474083
2025-10-20,-0.0025462850544553106,-0.006564751692303417,-0.008957510702264027,-0.009810243879498803
2025-10-21,-0.0014811699513355148,-0.00559207134666917,-0.008104159085152718,-0.00907977054760245
2025-10-22,0.0,-0.0012516741717513158,-0.0036593038827250624,-0.004605970281076344
2025-10-23,-0.001606322498816204,-0.0029984147572464925,-0.005380161633356972,-0.006337398115628945
2025-10-27,0.0,0.0,-0.002517055897028886,-0.0036008788440035078
2025-10-28,-0.004880161715267617,-0.00496610179344581,-0.007771277393716525,-0.008888545916765467
2025-10-29,0.0,0.0,-0.0017277095712695534,-0.002962856289001947
2025-10-30,0.0,0.0,0.0,0.0
2025-10-31,-0.0029121692864179094,-0.0033883340480683755,-0.0033958812813285055,-0.003715524997846331
2025-11-03,-0.008040167862611303,-0.008549568993553414,-0.0086166526821837,-0.008938055586946714
2025-11-04,-0.014142009360149421,-0.01490682096705187,-0.014931443223274887,-0.015270950472992428
2025-11-05,-0.02151326115140606,-0.02204813572085429,-0.021821981012610125,-0.022217318498882532
2025-11-06,-0.018170978599379772,-0.01864524573133175,-0.018314155728670123,-0.018779937678410907
2025-11-07,-0.023888329751361903,-0.024755914156106673,-0.024584655971331082,-0.024910384354266735
2025-11-10,-0.01894889026195945,-0.019938024815839728,-0.01985487906748251,-0.01993784165860546
2025-11-11,-0.01350742328356469,-0.014590872701436997,-0.014403470276821762,-0.014389243993080836
2025-11-12,-0.004296853116084631,-0.005682886065832227,-0.005573337054033067,-0.0058966240510476275
2025-11-13,-0.0008366413380461735,-0.002440610973602708,-0.0023831446064348505,-0.002930305563577873
2025-11-14,-0.012874324972654505,-0.014727360176256865,-0.014635924398009537,-0.015108766179375954
2025-11-17,-0.021254288103711882,-0.023057795222758526,-0.022902431428238224,-0.02342982473237143
2025-11-18,-0.04164222659402472,-0.04317116632273621,-0.04258610590856948,-0.04357350831699347
2025-11-19,-0.045686409455590105,-0.04725558014451725,-0.04669866456653693,-0.04756114879561757
2025-11-20,-0.02795707243797796,-0.02940696562396128,-0.029067316595646098,-0.02968568123677151
2025-11-21,-0.04465304419474758,-0.04635043368357861,-0.04578343129562101,-0.046374854383780306
2025-11-24,-0.029048573355306306,-0.03135483987221821,-0.031005047150648113,-0.03134632494850842
2025-11-25,-0.030122004271991965,-0.03232380877605956,-0.032084725661407854,-0.03238156215001198
2025-11-26,-0.00661606151090588,-0.008965188480639874,-0.008893258755155231,-0.009253621836205927
2025-11-27,0.0,-0.00035731167637653716,-0.0005625256173701354,-0.0006999157774649767
2025-11-28,0.0,-0.0002189575002251587,-0.0004984914493033621,-0.0006356887941993961
2026-01-02,0.0,0.0,0.0,0.0
2026-01-05,0.0,0.0,0.0,0.0
2026-01-06,0.0,0.0,0.0,0.0
2026-01-07,0.0,0.0,0.0,0.0
2026-01-08,-0.007609405197720354,-0.007591499161016535,-0.007867357443778644,-0.008018121390126032
2026-01-09,-0.004773603845326435,-0.00478721594167586,-0.005975858881332785,-0.006837770950996358
2026-01-12,-0.0006763110226049029,-0.0011309084776721656,-0.0022565903719384828,-0.003666526707016393
2026-01-13,-0.0050263305924939106,-0.005596423013657259,-0.006852859368111197,-0.009005970708520494
2026-01-14,0.0,0.0,0.0,-0.00027987629513204215
2026-01-15,0.0,0.0,0.0,0.0
2026-01-16,0.0,0.0,0.0,0.0
2026-01-19,0.0,0.0,-0.00017970875900819028,-0.00040727093749304277
2026-01-20,-0.0006553010860115283,-0.0009113575074239932,-0.0012612937222862275,-0.0016579008853336852
2026-01-21,-0.00873825302258735,-0.009084428466369143,-0.009500701782330645,-0.009909025943257599
2026-01-22,-0.0004741331371521662,-0.0006947378225180545,-0.0007631326322495857,-0.001049082850018479
2026-01-23,0.0,0.0,0.0,0.0
2026-01-26,0.0,0.0,0.0,0.0
2026-01-27,0.0,0.0,0.0,0.0
2026-01-28,0.0,0.0,0.0,0.0
2026-01-29,-0.010206887667466136,-0.010066522189501437,-0.009401379876800675,-0.009502692701810589
2026-01-30,-0.030042541811257317,-0.02956182073091096,-0.028932689030408687,-0.028971990737243103
2026-04-01,-0.0005986958826434963,0.0,-0.0008811019749898064,-0.001756421531486696
2026-04-02,-0.00860825332288806,-0.007568089487847485,-0.00857027408376565,-0.009506530275758762
2026-04-07,-0.0037702853858931906,-0.003235683319474103,-0.0031482057421976517,-0.0037310362170014377
2026-04-08,0.0,0.0,0.0,0.0
2026-04-09,0.0,0.0,-0.00019784905525443985,-0.0006581125696598633
2026-04-10,0.0,0.0,-0.0003189467924262779,-0.0009346101322048606
2026-04-13,0.0,0.0,0.0,0.0
2026-04-14,0.0,0.0,0.0,0.0
2026-04-15,0.0,0.0,0.0,0.0
2026-04-16,0.0,0.0,0.0,0.0
2026-04-17,0.0,-0.001255133549114329,-0.0011940196377270285,-0.0016323006614870073
2026-04-20,0.0,0.0,0.0,0.0
2026-04-21,0.0,0.0,0.0,0.0
2026-04-22,0.0,0.0,0.0,0.0
2026-04-23,-0.01671329205990324,-0.01649500592302966,-0.01683795175078895,-0.016650950260315156
2026-04-24,0.0,0.0,0.0,-0.002364365685232017
2026-04-27,0.0,0.0,0.0,0.0
2026-04-28,0.0,0.0,0.0,0.0
2026-04-29,0.0,0.0,0.0,0.0
2026-04-30,-0.009495485120850966,-0.009597696494115904,-0.008904589103983396,-0.008634424373355265
2026-05-04,0.0,0.0,0.0,0.0
2026-05-05,0.0,0.0,0.0,0.0
2026-05-06,0.0,0.0,0.0,0.0
2026-05-07,0.0,0.0,0.0,0.0
2026-05-08,0.0,0.0,0.0,0.0
2026-05-11,0.0,0.0,0.0,0.0
2026-05-12,0.0,-0.0011139877537456044,-0.0004883392530790065,-0.004400073557233264
2026-05-13,-0.019719583559308806,-0.018219550989054367,-0.01597841309531145,-0.015557409031923375
2026-05-14,-0.013344124555188297,-0.015583034747525537,-0.013183404683855593,-0.014502043933911524
2026-05-15,-0.028147970634427977,-0.030293766364465347,-0.027631472295042703,-0.028405851800445414
2026-05-18,-0.023263791954986845,-0.026953897607507993,-0.024272543308591188,-0.02612440659846471
2026-05-19,-0.0357539748447574,-0.04005191044711587,-0.033820469402859654,-0.032249981880615675
2026-05-20,-0.03429486100364454,-0.03698248480057931,-0.03127209782735019,-0.02888740006881818
2026-05-21,0.0,0.0,0.0,0.0
2026-05-22,0.0,0.0,0.0,0.0
2026-05-25,0.0,0.0,0.0,0.0
2026-05-26,-0.0001929982687713938,-0.0021198769604731105,-0.002929042360693246,-0.004285376082370784
2026-05-27,0.0,0.0,0.0,0.0
2026-05-28,-0.015691638333067526,-0.01535931887003461,-0.013792490325714946,-0.011826514851917436
2026-05-29,0.0,0.0,0.0,0.0
